cycle,instruction_count,bank,pc,word,extended,a,l,q
1771,1000,02,5166,00006,0,166102,003304,1214
3481,2000,01,2637,50064,0,027110,000000,2037
5355,3000,06,2006,12134,0,001770,000000,0336
7105,4000,01,3222,33224,0,003304,003304,1214
8742,5000,01,3223,15166,0,166102,003304,1214
10391,6000,02,4636,50000,0,003335,003304,0000
12053,7000,17,2655,61301,0,000000,000000,4707
13703,8000,01,3214,10067,0,000000,003304,1214
15341,9000,02,5167,01007,1,166102,003304,1214
16978,10000,43,3303,03332,0,000000,003304,3307
18613,11000,01,3223,15166,0,166102,003304,1214
20251,12000,43,3304,11362,0,166102,003304,0002
21914,13000,43,3303,03332,0,000000,003304,3307
23573,14000,43,3306,03303,0,000000,003304,0002
25211,15000,02,4636,50000,0,003335,003304,0000
26849,16000,02,4644,13214,0,000000,003304,1214
28488,17000,01,3214,10067,0,000000,003304,1214
30153,18000,01,3221,54001,0,003304,003304,1214
31792,19000,01,3222,33224,0,003304,003304,1214
33435,20000,01,3222,33224,0,003304,003304,1214
35073,21000,01,3223,15166,0,166102,003304,1214
36711,22000,43,3304,11362,0,166102,003304,0002
38373,23000,02,4636,50000,0,003335,003304,0000
40009,24000,05,0335,03523,0,000077,000000,3770
41646,25000,43,3304,11362,0,166102,003304,0002
43305,26000,01,3222,33224,0,003304,003304,1214
44942,27000,33,0001,03304,0,166102,003304,5172
46606,28000,43,3306,03303,0,000000,003304,0002
48246,29000,02,4642,56002,0,001214,003304,0000
49883,30000,02,4643,50002,0,000000,003304,1214
51522,31000,33,0001,03304,0,166102,003304,5172
53164,32000,06,2101,00006,0,000000,000000,2014
54825,33000,02,5272,30016,0,037766,034106,3307
56465,34000,02,4640,54004,0,003214,003304,0000
58105,35000,02,5170,54006,0,166102,003304,1214
59743,36000,02,5171,00001,0,166102,003304,1214
61377,37000,05,3767,00335,0,000077,000000,3525
63012,38000,43,3303,03332,0,000000,003304,3307
64698,39000,02,5170,54006,0,166102,003304,1214
66335,40000,02,4640,54004,0,003214,003304,0000
67974,41000,02,4641,75012,0,003214,003304,0000
69613,42000,02,5171,00001,0,166102,003304,1214
71249,43000,33,0001,03304,0,166102,003304,5172
72913,44000,43,3306,03303,0,000000,003304,0002
74557,45000,43,3306,03303,0,000000,003304,0002
76195,46000,43,3303,03332,0,000000,003304,3307
77832,47000,43,3332,00006,0,000000,003304,3304
79474,48000,01,3214,10067,0,000000,003304,1214
81139,49000,01,3221,54001,0,003304,003304,1214
82778,50000,01,3222,33224,0,003304,003304,1214
84433,51000,02,4640,54004,0,003214,003304,0000
86066,52000,43,3306,03303,0,000000,003304,0002
87704,53000,43,3303,03332,0,000000,003304,3307
89368,54000,43,3333,23361,1,000000,003304,3304
91005,55000,43,3334,04635,0,000000,003304,3304
92679,56000,02,4641,75012,0,003214,003304,0000
94319,57000,43,3303,03332,0,000000,003304,3307
95955,58000,43,3332,00006,0,000000,003304,3304
97619,59000,43,3334,04635,0,000000,003304,3304
99258,60000,02,4635,56002,0,000000,003304,3335
100896,61000,02,4636,50000,0,003335,003304,0000
102535,62000,02,4637,33335,0,003335,003304,0000
104176,63000,01,3223,15166,0,166102,003304,1214
105834,64000,16,2026,22012,1,004014,002002,1214
107489,65000,43,3334,04635,0,000000,003304,3304
109131,66000,01,3222,33224,0,003304,003304,1214
110769,67000,01,3223,15166,0,166102,003304,1214
112407,68000,02,5166,00006,0,166102,003304,1214
114045,69000,02,4635,56002,0,000000,003304,3335
115718,70000,01,3221,54001,0,003304,003304,1214
117357,71000,01,3222,33224,0,003304,003304,1214
118993,72000,01,3223,15166,0,166102,003304,1214
120629,73000,02,4635,56002,0,000000,003304,3335
122270,74000,01,3223,15166,0,166102,003304,1214
123933,75000,02,5167,01007,1,166102,003304,1214
125588,76000,05,3511,13763,0,002002,000001,3156
127221,77000,43,3334,04635,0,000000,003304,3304
128864,78000,01,3221,54001,0,003304,003304,1214
130502,79000,01,3222,33224,0,003304,003304,1214
132165,80000,02,5166,00006,0,166102,003304,1214
133803,81000,43,3306,03303,0,000000,003304,0002
135445,82000,02,4643,50002,0,000000,003304,1214
137084,83000,01,3223,15166,0,166102,003304,1214
138722,84000,02,5166,00006,0,166102,003304,1214
140385,85000,43,3303,03332,0,000000,003304,3307
142022,86000,02,4637,33335,0,003335,003304,0000
143662,87000,01,3214,10067,0,000000,003304,1214
145304,88000,06,2012,11036,0,000001,000000,0336
146955,89000,05,3527,10337,0,000334,000001,0336
148609,90000,02,4676,32162,0,002161,036000,2162
150257,91000,01,3222,33224,0,003304,003304,1214
151891,92000,43,3334,04635,0,000000,003304,3304
153530,93000,02,4635,56002,0,000000,003304,3335
155171,94000,01,3223,15166,0,166102,003304,1214
156815,95000,01,3223,15166,0,166102,003304,1214
158477,96000,02,4636,50000,0,003335,003304,0000
160117,97000,02,5166,00006,0,166102,003304,1214
161751,98000,43,3332,00006,0,000000,003304,3304
163387,99000,02,4642,56002,0,001214,003304,0000
165023,100000,02,5166,00006,0,166102,003304,1214
166706,101000,01,3223,15166,0,166102,003304,1214
168342,102000,05,3766,10000,0,000100,177777,0336
169978,103000,01,3220,31361,0,000000,003304,1214
171617,104000,01,3221,54001,0,003304,003304,1214
173256,105000,01,3222,33224,0,003304,003304,1214
174918,106000,02,5166,00006,0,166102,003304,1214
176557,107000,02,4635,56002,0,000000,003304,3335
178196,108000,02,4636,50000,0,003335,003304,0000
179832,109000,33,0001,03304,0,166102,003304,5172
181503,110000,43,3333,23361,1,000000,003304,3304
183169,111000,02,4642,56002,0,001214,003304,0000
184808,112000,02,4643,50002,0,000000,003304,1214
186452,113000,06,3145,70061,1,177777,000000,0003
188097,114000,02,5171,00001,0,166102,003304,1214
189735,115000,33,0001,03304,0,166102,003304,5172
191399,116000,43,3306,03303,0,000000,003304,0002
193036,117000,43,3303,03332,0,000000,003304,3307
194675,118000,02,4637,33335,0,003335,003304,0000
196315,119000,01,3214,10067,0,000000,003304,1214
197958,120000,02,5166,00006,0,166102,003304,1214
199597,121000,02,5167,01007,1,166102,003304,1214
201259,122000,43,3332,00006,0,000000,003304,3304
202899,123000,02,4640,54004,0,003214,003304,0000
204539,124000,01,3220,31361,0,000000,003304,1214
206178,125000,01,3221,54001,0,003304,003304,1214
207829,126000,43,3304,11362,0,166102,003304,0002
209490,127000,43,3303,03332,0,000000,003304,3307
211128,128000,43,3332,00006,0,000000,003304,3304
212767,129000,43,3333,23361,1,000000,003304,3304
214405,130000,43,3334,04635,0,000000,003304,3304
216045,131000,02,4642,56002,0,001214,003304,0000
217710,132000,43,3333,23361,1,000000,003304,3304
219348,133000,43,3334,04635,0,000000,003304,3304
220986,134000,02,4635,56002,0,000000,003304,3335
222627,135000,02,4643,50002,0,000000,003304,1214
224265,136000,02,4644,13214,0,000000,003304,1214
225930,137000,43,3304,11362,0,166102,003304,0002
227589,138000,01,3223,15166,0,166102,003304,1214
229221,139000,02,4641,75012,0,003214,003304,0000
230862,140000,02,5170,54006,0,166102,003304,1214
232497,141000,02,4636,50000,0,003335,003304,0000
234162,142000,02,4640,54004,0,003214,003304,0000
235802,143000,02,5170,54006,0,166102,003304,1214
237438,144000,02,4640,54004,0,003214,003304,0000
239082,145000,02,4640,54004,0,003214,003304,0000
240722,146000,02,5170,54006,0,166102,003304,1214
242366,147000,16,2027,31273,0,004014,166002,3525
244023,148000,02,4642,56002,0,001214,003304,0000
245662,149000,02,4643,50002,0,000000,003304,1214
247300,150000,43,3304,11362,0,166102,003304,0002
248959,151000,01,3221,54001,0,003304,003304,1214
250594,152000,05,3524,03653,0,014077,002000,0336
252255,153000,02,4641,75012,0,003214,003304,0000
253894,154000,02,4642,56002,0,001214,003304,0000
255531,155000,02,4643,50002,0,000000,003304,1214
257194,156000,02,4644,13214,0,000000,003304,1214
258842,157000,43,3334,04635,0,000000,003304,3304
260513,158000,43,3306,03303,0,000000,003304,0002
262164,159000,01,3221,54001,0,003304,003304,1214
263807,160000,02,4642,56002,0,001214,003304,0000
265456,161000,43,3303,03332,0,000000,003304,3307
267102,162000,02,5170,54006,0,166102,003304,1214
268791,163000,02,4642,56002,0,001214,003304,0000
270446,164000,05,3632,24336,0,000000,000000,0336
272114,165000,01,3221,54001,0,003304,003304,1214
273758,166000,01,3221,54001,0,003304,003304,1214
275406,167000,02,4636,50000,0,003335,003304,0000
277075,168000,43,3332,00006,0,000000,003304,3304
278729,169000,02,5171,00001,0,166102,003304,1214
280374,170000,01,3222,33224,0,003304,003304,1214
282020,171000,02,4637,33335,0,003335,003304,0000
283666,172000,02,4643,50002,0,000000,003304,1214
285340,173000,02,5276,50017,0,000000,003304,3304
286986,174000,02,5274,52011,0,014006,000000,1214
288623,175000,02,4642,56002,0,001214,003304,0000
290302,176000,40,2101,54115,0,000001,002077,0002
291959,177000,02,5171,00001,0,166102,003304,1214
293600,178000,02,4703,56002,0,000626,034000,2161
295256,179000,43,3306,03303,0,000000,003304,0002
296893,180000,43,3303,03332,0,000000,003304,3307
298531,181000,43,3332,00006,0,000000,003304,3304
300183,182000,02,4635,56002,0,000000,003304,3335
301829,183000,02,4643,50002,0,000000,003304,1214
303502,184000,01,3214,10067,0,000000,003304,1214
305141,185000,01,3220,31361,0,000000,003304,1214
306779,186000,43,3303,03332,0,000000,003304,3307
308415,187000,43,3332,00006,0,000000,003304,3304
310076,188000,02,5167,01007,1,166102,003304,1214
311738,189000,43,3332,00006,0,000000,003304,3304
313376,190000,02,5276,50017,0,000000,003304,3304
315011,191000,02,5167,01007,1,166102,003304,1214
316648,192000,43,3303,03332,0,000000,003304,3307
318285,193000,43,3332,00006,0,000000,003304,3304
319956,194000,02,4637,33335,0,003335,003304,0000
321596,195000,01,3214,10067,0,000000,003304,1214
323235,196000,02,5167,01007,1,166102,003304,1214
324910,197000,01,3221,54001,0,003304,003304,1214
326547,198000,43,3303,03332,0,000000,003304,3307
328211,199000,43,3333,23361,1,000000,003304,3304
329876,200000,02,5276,50017,0,003214,003304,0000
331517,201000,43,3332,00006,0,000000,003304,3304
333167,202000,01,3220,31361,0,000000,003304,1214
334806,203000,01,3221,54001,0,003304,003304,1214
336463,204000,02,4640,54004,0,003214,003304,0000
338102,205000,02,5170,54006,0,166102,003304,1214
339739,206000,02,4640,54004,0,003214,003304,0000
341377,207000,43,3303,03332,0,000000,003304,3307
343013,208000,02,4641,75012,0,003214,003304,0000
344650,209000,01,3223,15166,0,166102,003304,1214
346311,210000,43,3303,03332,0,000000,003304,3307
347951,211000,02,4636,50000,0,003335,003304,0000
349590,212000,02,4637,33335,0,003335,003304,0000
351249,213000,43,3306,03303,0,000000,003304,0002
352887,214000,43,3303,03332,0,000000,003304,3307
354549,215000,43,3333,23361,1,000000,003304,3304
356187,216000,43,3334,04635,0,000000,003304,3304
357823,217000,05,3527,10337,0,002740,000400,0336
359620,218000,05,3757,03605,0,177777,177777,0336
361261,219000,02,5272,30016,0,146377,177340,3304
363104,220000,20,3736,10157,1,177626,164377,0003
364931,221000,02,5167,01007,1,166102,003304,1214
366575,222000,01,3220,31361,0,000000,003304,1214
368223,223000,02,4635,56002,0,000000,003304,3335
369866,224000,43,3306,03303,0,000000,003304,0002
371544,225000,01,3222,33224,0,003304,003304,1214
373187,226000,02,4643,50002,0,000000,003304,1214
374825,227000,01,3223,15166,0,166102,003304,1214
376475,228000,01,3214,10067,0,000000,003304,1214
378119,229000,01,3214,10067,0,000000,003304,1214
379793,230000,02,4635,56002,0,000000,003304,3335
381436,231000,02,4635,56002,0,000000,003304,3335
383083,232000,02,4643,50002,0,000000,003304,1214
384727,233000,02,4643,50002,0,000000,003304,1214
386376,234000,02,4637,33335,0,003335,003304,0000
388045,235000,43,3333,23361,1,000000,003304,3304
389697,236000,02,5166,00006,0,166102,003304,1214
391341,237000,01,3214,10067,0,000000,003304,1214
392989,238000,43,3334,04635,0,000000,003304,3304
394633,239000,43,3304,11362,0,166102,003304,0002
396321,240000,02,4644,13214,0,000000,003304,1214
397965,241000,02,4644,13214,0,000000,003304,1214
399614,242000,43,3333,23361,1,000000,003304,3304
401258,243000,33,0001,03304,0,166102,003304,5172
402905,244000,01,3222,33224,0,003304,003304,1214
404548,245000,16,2027,31273,0,004014,002002,3525
406204,246000,02,5170,54006,0,166102,003304,1214
407840,247000,02,4636,50000,0,003335,003304,0000
409479,248000,02,4637,33335,0,003335,003304,0000
411120,249000,02,5166,00006,0,166102,003304,1214
412757,250000,43,3334,04635,0,000000,003304,3304
414422,251000,02,4636,50000,0,003335,003304,0000
416082,252000,02,4643,50002,0,000000,003304,1214
417720,253000,43,3304,11362,0,166102,003304,0002
419356,254000,43,3306,03303,0,000000,003304,0002
420995,255000,02,4644,13214,0,000000,003304,1214
422660,256000,01,3220,31361,0,000000,003304,1214
424295,257000,43,3332,00006,0,000000,003304,3304
425934,258000,43,3333,23361,1,000000,003304,3304
427574,259000,02,5166,00006,0,166102,003304,1214
429210,260000,02,4636,50000,0,003335,003304,0000
430875,261000,02,4640,54004,0,003214,003304,0000
432514,262000,02,4641,75012,0,003214,003304,0000
434153,263000,02,4642,56002,0,001214,003304,0000
435792,264000,02,4643,50002,0,000000,003304,1214
437447,265000,43,3334,04635,0,000000,003304,3304
439116,266000,01,3222,33224,0,003304,003304,1214
440754,267000,01,3223,15166,0,166102,003304,1214
442390,268000,02,5166,00006,0,166102,003304,1214
444029,269000,02,5167,01007,1,166102,003304,1214
445668,270000,02,5170,54006,0,166102,003304,1214
447329,271000,02,4707,56073,0,000000,000000,0003
448970,272000,02,4641,75012,0,003214,003304,0000
450602,273000,43,3303,03332,0,000000,003304,3307
452274,274000,02,4636,50000,0,003335,003304,0000
453913,275000,02,4644,13214,0,000000,003304,1214
455552,276000,01,3214,10067,0,000000,003304,1214
457235,277000,02,4640,54004,0,003214,003304,0000
458874,278000,02,4641,75012,0,003214,003304,0000
460513,279000,02,4642,56002,0,001214,003304,0000
462152,280000,02,4643,50002,0,000000,003304,1214
463791,281000,02,5171,00001,0,166102,003304,1214
465453,282000,43,3304,11362,0,166102,003304,0002
467097,283000,02,4642,56002,0,001214,003304,0000
468736,284000,02,4643,50002,0,000000,003304,1214
470366,285000,43,3333,23361,1,000000,003304,3304
472004,286000,43,3334,04635,0,000000,003304,3304
473673,287000,01,3222,33224,0,003304,003304,1214
475309,288000,43,3332,00006,0,000000,003304,3304
476947,289000,43,3333,23361,1,000000,003304,3304
478607,290000,02,5167,01007,1,166102,003304,1214
480244,291000,02,4637,33335,0,003335,003304,0000
481910,292000,02,5170,54006,0,166102,003304,1214
483548,293000,02,5171,00001,0,166102,003304,1214
485186,294000,33,0001,03304,0,166102,003304,5172
486824,295000,02,4641,75012,0,003214,003304,0000
488466,296000,02,5170,54006,0,166102,003304,1214
490129,297000,33,0001,03304,0,166102,003304,5172
491763,298000,01,3220,31361,0,000000,003304,1214
493401,299000,02,5170,54006,0,166102,003304,1214
495039,300000,02,5171,00001,0,166102,003304,1214
496676,301000,43,3333,23361,1,000000,003304,3304
498335,302000,02,5171,00001,0,166102,003304,1214
499997,303000,43,3334,04635,0,000000,003304,3304
501638,304000,02,4642,56002,0,001214,003304,0000
503278,305000,01,3222,33224,0,003304,003304,1214
504915,306000,33,0001,03304,0,166102,003304,5172
506554,307000,02,4640,54004,0,003214,003304,0000
508224,308000,02,4641,75012,0,003214,003304,0000
509861,309000,02,5171,00001,0,166102,003304,1214
511498,310000,05,3701,00006,0,000000,000000,3525
513133,311000,01,3220,31361,0,000000,003304,1214
514768,312000,43,3332,00006,0,000000,003304,3304
516432,313000,43,3334,04635,0,000000,003304,3304
518074,314000,01,3222,33224,0,003304,003304,1214
519731,315000,02,5170,54006,0,166102,003304,1214
521363,316000,43,3334,04635,0,000000,003304,3304
523001,317000,02,4644,13214,0,000000,003304,1214
524663,318000,02,5171,00001,0,166102,003304,1214
526298,319000,43,3334,04635,0,000000,003304,3304
527940,320000,02,4641,75012,0,003214,003304,0000
529582,321000,02,5170,54006,0,166102,003304,1214
531220,322000,02,5171,00001,0,166102,003304,1214
532882,323000,43,3304,11362,0,166102,003304,0002
534516,324000,01,3221,54001,0,003304,003304,1214
536155,325000,01,3222,33224,0,003304,003304,1214
537792,326000,01,3223,15166,0,166102,003304,1214
539444,327000,43,3332,00006,0,000000,003304,3304
541134,328000,16,2161,04674,0,000000,000000,0073
542783,329000,01,3220,31361,0,000000,003304,1214
544421,330000,01,3221,54001,0,003304,003304,1214
546060,331000,01,3222,33224,0,003304,003304,1214
547698,332000,01,3223,15166,0,166102,003304,1214
549342,333000,01,3223,15166,0,166102,003304,1214
551006,334000,02,5167,01007,1,166102,003304,1214
552643,335000,43,3303,03332,0,000000,003304,3307
554278,336000,01,3223,15166,0,166102,003304,1214
555914,337000,43,3304,11362,0,166102,003304,0002
557551,338000,02,4635,56002,0,000000,003304,3335
559221,339000,02,5056,67737,0,000000,000000,3134
560873,340000,43,3334,04635,0,000000,003304,3304
562513,341000,02,4642,56002,0,001214,003304,0000
564153,342000,01,3222,33224,0,003304,003304,1214
565791,343000,01,3223,15166,0,166102,003304,1214
567454,344000,02,5167,01007,1,166102,003304,1214
569093,345000,02,5170,54006,0,166102,003304,1214
570732,346000,02,4637,33335,0,003335,003304,0000
572371,347000,02,4640,54004,0,003214,003304,0000
574011,348000,01,3220,31361,0,000000,003304,1214
575668,349000,02,4637,33335,0,003335,003304,0000
577308,350000,01,3214,10067,0,000000,003304,1214
578945,351000,01,3220,31361,0,000000,003304,1214
580602,352000,02,4640,54004,0,003214,003304,0000
582242,353000,01,3220,31361,0,000000,003304,1214
583907,354000,01,3222,33224,0,003304,003304,1214
585542,355000,43,3332,00006,0,000000,003304,3304
587181,356000,43,3333,23361,1,000000,003304,3304
588823,357000,01,3220,31361,0,000000,003304,1214
590466,358000,43,3304,11362,0,166102,003304,0002
592104,359000,43,3306,03303,0,000000,003304,0002
593769,360000,01,3214,10067,0,000000,003304,1214
595404,361000,02,5270,00006,0,000000,000000,0336
597041,362000,01,3223,15166,0,166102,003304,1214
598679,363000,02,5166,00006,0,166102,003304,1214
600336,364000,02,5276,50017,0,166102,003304,0002
601998,365000,43,3306,03303,0,000000,003304,0002
603637,366000,02,4644,13214,0,000000,003304,1214
605276,367000,01,3214,10067,0,000000,003304,1214
606912,368000,43,3303,03332,0,000000,003304,3307
608550,369000,43,3332,00006,0,000000,003304,3304
610214,370000,43,3334,04635,0,000000,003304,3304
611858,371000,01,3221,54001,0,003304,003304,1214
613496,372000,01,3222,33224,0,003304,003304,1214
615134,373000,01,3223,15166,0,166102,003304,1214
616771,374000,43,3334,04635,0,000000,003304,3304
618436,375000,02,4636,50000,0,003335,003304,0000
620070,376000,33,0001,03304,0,166102,003304,5172
621730,377000,01,3222,33224,0,003304,003304,1214
623368,378000,01,3223,15166,0,166102,003304,1214
625004,379000,02,5166,00006,0,166102,003304,1214
626669,380000,02,5170,54006,0,166102,003304,1214
628306,381000,02,5171,00001,0,166102,003304,1214
629976,382000,43,3332,00006,0,000000,003304,3304
631620,383000,02,4637,33335,0,003335,003304,0000
633259,384000,02,4640,54004,0,003214,003304,0000
634904,385000,16,2032,12041,0,007777,002002,3525
636562,386000,02,4643,50002,0,000000,003304,1214
638200,387000,02,4644,13214,0,000000,003304,1214
639837,388000,02,5270,00006,0,000000,000000,3525
641492,389000,02,5170,54006,0,166102,003304,1214
643129,390000,02,4636,50000,0,003335,003304,0000
644794,391000,02,4640,54004,0,003214,003304,0000
646434,392000,02,5170,54006,0,166102,003304,1214
648070,393000,02,5171,00001,0,166102,003304,1214
649708,394000,33,0001,03304,0,166102,003304,5172
651351,395000,06,2101,00006,0,000000,021316,2015
653013,396000,02,4636,50000,0,003335,003304,0000
654652,397000,02,4637,33335,0,003335,003304,0000
656291,398000,02,4640,54004,0,003214,003304,0000
657931,399000,02,5170,54006,0,166102,003304,1214
659567,400000,02,4640,54004,0,003214,003304,0000
661232,401000,02,4642,56002,0,001214,003304,0000
662885,402000,02,5167,01007,1,166102,003304,1214
664524,403000,02,5170,54006,0,166102,003304,1214
666162,404000,02,4637,33335,0,003335,003304,0000
667801,405000,02,4640,54004,0,003214,003304,0000
669466,406000,02,4642,56002,0,001214,003304,0000
671104,407000,01,3222,33224,0,003304,003304,1214
672748,408000,01,3222,33224,0,003304,003304,1214
674385,409000,33,0001,03304,0,166102,003304,5172
676023,410000,43,3304,11362,0,166102,003304,0002
677679,411000,02,4701,22004,0,035446,035446,2163
679326,412000,02,4644,13214,0,000000,003304,1214
680965,413000,02,5166,00006,0,166102,003304,1214
682623,414000,01,3222,33224,0,003304,003304,1214
684283,415000,05,3526,13527,0,000334,001156,0336
685920,416000,01,3223,15166,0,166102,003304,1214
687584,417000,02,5167,01007,1,166102,003304,1214
689221,418000,02,4637,33335,0,003335,003304,0000
690860,419000,02,4640,54004,0,003214,003304,0000
692513,420000,02,4643,50002,0,000000,003304,1214
694153,421000,02,4636,50000,0,003335,003304,0000
695828,422000,02,5167,01007,1,166102,003304,1214
697465,423000,02,4637,33335,0,003335,003304,0000
699103,424000,01,3221,54001,0,003304,003304,1214
700737,425000,43,3304,11362,0,166102,003304,0002
702373,426000,05,3705,01035,1,177777,177777,0336
704053,427000,01,3222,33224,0,003304,003304,1214
705688,428000,43,3304,11362,0,166102,003304,0002
707326,429000,43,3334,04635,0,000000,003304,3304
708965,430000,02,4635,56002,0,000000,003304,3335
710604,431000,02,4636,50000,0,003335,003304,0000
712269,432000,02,4640,54004,0,003214,003304,0000
713913,433000,02,4637,33335,0,003335,003304,0000
715552,434000,02,4640,54004,0,003214,003304,0000
717224,435000,01,3207,54067,0,177777,000110,2315
718896,436000,01,3214,10067,0,000000,003304,1214
720561,437000,02,5170,54006,0,166102,003304,1214
722193,438000,02,4644,13214,0,000000,003304,1214
723856,439000,02,4635,56002,0,000000,003304,3335
725500,440000,43,3306,03303,0,000000,003304,0002
727147,441000,43,3303,03332,0,000000,003304,3307
728792,442000,02,4677,24002,0,036626,001540,2160
730448,443000,43,3334,04635,0,000000,003304,3304
732089,444000,02,4642,56002,0,001214,003304,0000
733729,445000,43,3303,03332,0,000000,003304,3307
735368,446000,02,4637,33335,0,003335,003304,0000
737007,447000,02,4640,54004,0,003214,003304,0000
738673,448000,01,3221,54001,0,003304,003304,1214
740311,449000,02,5171,00001,0,166102,003304,1214
741946,450000,43,3333,23361,1,000000,003304,3304
743586,451000,02,5062,00006,0,031103,000000,3134
745239,452000,02,4644,13214,0,000000,003304,1214
746904,453000,01,3220,31361,0,000000,003304,1214
748542,454000,01,3221,54001,0,003304,003304,1214
750181,455000,01,3222,33224,0,003304,003304,1214
751853,456000,02,4637,33335,0,003335,003304,0000
753492,457000,01,3214,10067,0,000000,003304,1214
755169,458000,02,5170,54006,0,166102,003304,1214
756813,459000,01,3221,54001,0,003304,003304,1214
758461,460000,01,3222,33224,0,003304,003304,1214
760098,461000,33,0001,03304,0,166102,003304,5172
761737,462000,43,3304,11362,0,166102,003304,0002
763402,463000,02,4642,56002,0,001214,003304,0000
765058,464000,05,3510,22012,1,002002,000001,1214
766691,465000,02,5166,00006,0,166102,003304,1214
768329,466000,02,4635,56002,0,000000,003304,3335
769971,467000,01,3221,54001,0,003304,003304,1214
771635,468000,01,3223,15166,0,166102,003304,1214
773270,469000,02,4635,56002,0,000000,003304,3335
774911,470000,43,3332,00006,0,000000,003304,3304
776550,471000,43,3333,23361,1,000000,003304,3304
778190,472000,01,3221,54001,0,003304,003304,1214
779829,473000,01,3222,33224,0,003304,003304,1214
781490,474000,02,4635,56002,0,000000,003304,3335
783129,475000,02,4636,50000,0,003335,003304,0000
784789,476000,02,4642,56002,0,001214,003304,0000
785405,476359,31,0133,03462,0,004000,002077,4635
785413,476365,31,0002,03463,0,020042,002077,3463
785419,476369,31,0136,05155,0,000001,002077,3466
786455,477000,01,3221,54001,0,003304,003304,1214
788094,478000,01,3222,33224,0,003304,003304,1214
789755,479000,02,5166,00006,0,166102,003304,1214
791394,480000,02,5167,01007,1,166102,003304,1214
793033,481000,02,5170,54006,0,166102,003304,1214
794675,482000,02,4021,34064,0,012000,140000,1214
796321,483000,43,3332,00006,0,000000,003304,3304
797992,484000,33,0001,03304,0,166102,003304,5172
799640,485000,43,3304,11362,0,166102,003304,0002
801277,486000,43,3306,03303,0,000000,003304,0002
802915,487000,43,3303,03332,0,000000,003304,3307
804553,488000,43,3332,00006,0,000000,003304,3304
806239,489000,02,5167,01007,1,166102,003304,1214
807875,490000,05,3513,05013,1,000100,001661,0003
809545,491000,01,3222,33224,0,003304,003304,1214
811182,492000,33,0001,03304,0,166102,003304,5172
812821,493000,43,3304,11362,0,166102,003304,0002
814482,494000,43,3303,03332,0,000000,003304,3307
816125,495000,02,4643,50002,0,000000,003304,1214
817763,496000,02,4644,13214,0,000000,003304,1214
819427,497000,40,3333,10000,0,000001,002077,0021
821077,498000,02,4637,33335,0,003335,003304,0000
822733,499000,16,2161,04674,0,000000,000000,0073
824381,500000,02,5171,00001,0,166102,003304,1214
826047,501000,01,3222,33224,0,003304,003304,1214
827687,502000,05,3764,00006,0,000100,000000,2152
829329,503000,43,3333,23361,1,000000,003304,3304
830971,504000,01,3220,31361,0,000000,003304,1214
832634,505000,43,3303,03332,0,000000,003304,3307
834272,506000,43,3332,00006,0,000000,003304,3304
835917,507000,43,3303,03332,0,000000,003304,3307
837557,508000,01,3214,10067,0,000000,003304,1214
839192,509000,43,3303,03332,0,000000,003304,3307
840856,510000,43,3333,23361,1,000000,003304,3304
842494,511000,43,3334,04635,0,000000,003304,3304
844136,512000,01,3221,54001,0,003304,003304,1214
845775,513000,01,3222,33224,0,003304,003304,1214
847431,514000,02,4640,54004,0,003214,003304,0000
849089,515000,43,3303,03332,0,000000,003304,3307
850727,516000,02,4637,33335,0,003335,003304,0000
852366,517000,02,4640,54004,0,003214,003304,0000
854039,518000,43,3334,04635,0,000000,003304,3304
855678,519000,02,4635,56002,0,000000,003304,3335
857353,520000,43,3304,11362,0,166102,003304,0002
858997,521000,43,3304,11362,0,166102,003304,0002
860643,522000,02,4635,56002,0,000000,003304,3335
862282,523000,02,4643,50002,0,000000,003304,1214
863921,524000,02,5171,00001,0,166102,003304,1214
865585,525000,43,3304,11362,0,166102,003304,0002
867242,526000,43,3333,23361,1,000000,003304,3304
868879,527000,43,3334,04635,0,000000,003304,3304
870515,528000,02,5170,54006,0,166102,003304,1214
872152,529000,02,4640,54004,0,003214,003304,0000
873790,530000,02,4641,75012,0,003214,003304,0000
875454,531000,33,0001,03304,0,166102,003304,5172
877098,532000,02,4640,54004,0,003214,003304,0000
878736,533000,01,3222,33224,0,003304,003304,1214
880370,534000,43,3306,03303,0,000000,003304,0002
882006,535000,02,4640,54004,0,003214,003304,0000
883671,536000,01,3222,33224,0,003304,003304,1214
885308,537000,02,5171,00001,0,166102,003304,1214
886957,538000,06,3140,30032,0,037777,000000,0003
887694,538432,31,0002,02032,0,020002,002077,2032
887696,538434,31,1013,03431,0,020002,002077,2033
887762,538472,31,0133,03445,0,005633,002077,4635
888738,539000,02,5537,30102,0,000017,000006,5520
890574,540000,04,2330,00004,0,003045,002001,0330
891789,540650,32,2776,05353,0,002772,002002,3206
891932,540724,32,3000,04616,0,002312,020003,3000
892100,540816,32,3002,33253,0,000200,003272,0134
892102,540817,32,3003,55455,0,002076,003272,0134
892104,540818,32,3004,32000,0,002076,003272,0134
892106,540819,32,3005,55251,0,000044,003272,0134
892108,540820,32,3006,34751,0,000044,003272,0134
892110,540821,32,3007,55515,0,000004,003272,0134
892112,540822,32,3010,44753,0,000004,003272,0134
892114,540823,32,3011,55351,0,177776,003272,0134
892116,540824,32,3012,34755,0,177776,003272,0134
892118,540825,32,3013,55623,0,000000,003272,0134
892120,540826,32,3014,44736,0,000000,003272,0134
892121,540827,32,3015,00006,0,157777,003272,0134
892123,540828,32,3016,03012,1,157777,003272,0134
892124,540829,32,3017,06037,0,000000,003272,0134
892438,541000,03,6247,10020,0,000070,000000,0000
894286,542000,03,6234,46244,0,000011,000005,0003
896168,543000,03,7227,54117,0,003566,000000,3560
898056,544000,03,6071,33753,0,000000,000005,0003
899897,545000,01,2443,10020,0,000455,000625,2345
901743,546000,03,6265,50000,0,000002,000760,0003
903662,547000,03,6116,10000,0,177750,000000,0003
905566,548000,03,6752,26116,0,030000,150735,0003
907488,549000,03,6100,10020,0,000015,000000,0003
909429,550000,03,7246,00006,0,000000,000000,0003
911374,551000,03,6641,74350,0,152007,175451,0003
913335,552000,00,2147,20155,0,176527,156617,0140
915257,553000,03,6333,17613,0,000465,002723,0003
917108,554000,03,6063,10023,0,152007,000000,0003
919004,555000,03,7130,20156,0,000000,000000,7246
920939,556000,05,3546,24334,0,013252,002022,0336
922868,557000,03,7127,70135,1,177777,000000,7472
924851,558000,03,7116,70156,1,000000,000000,7171
926800,559000,03,6137,65007,0,000000,000000,0003
928613,560000,13,2775,55551,0,000000,000000,0003
930469,561000,00,3217,22116,0,000001,000000,0003
932314,562000,03,6061,30165,0,000000,000000,0003
934125,563000,03,7615,16063,0,000455,020000,2200
935988,564000,03,6432,74357,0,001552,000000,6373
937847,565000,03,6077,54020,0,000160,016067,3236
939726,566000,03,7132,00006,0,000000,000000,7205
941661,567000,03,7135,00002,0,000000,000000,7453
942000,567182,31,2455,34752,0,162007,000000,6747
942002,567183,31,2456,55647,0,000002,000000,6747
942003,567184,31,2457,12603,0,000002,000000,6747
942004,567185,31,2603,00006,0,000002,000000,6747
942007,567186,31,2604,31625,1,000002,000000,6747
942010,567187,31,2605,53574,0,000005,017620,6747
942011,567188,31,2606,03740,0,000000,000000,6747
942013,567189,31,3740,35007,0,000000,000000,2607
942015,567190,31,3741,56003,0,001400,000000,2607
942018,567191,31,3742,52002,0,003400,000000,2607
942020,567192,31,3743,55442,0,002607,003400,0000
942022,567193,31,3744,22003,0,002607,003400,0000
942023,567194,31,3745,00000,0,002607,001400,0000
942024,567195,31,0000,02607,0,002607,001400,3746
942025,567196,31,2607,00006,0,002607,001400,0001
942028,567197,31,2610,31561,1,002607,001400,0001
942031,567198,31,2611,53625,0,000000,000000,0001
942032,567199,31,2612,00006,0,000005,017620,0001
942035,567200,31,2613,31643,1,000005,017620,0001
942038,567201,31,2614,53553,0,000000,000000,0001
942040,567202,31,2615,11623,0,000000,000000,0001
942042,567203,31,2617,51351,0,000000,000000,0001
942043,567204,31,2620,12420,0,000000,000000,0001
942044,567205,31,2420,12641,0,000000,000000,0001
942045,567206,31,2641,06037,0,000000,000000,0001
943018,567736,31,0002,07434,0,000000,000000,7434
943027,567742,31,0002,07435,0,035700,035700,7435
943091,567773,31,0002,07444,0,000000,000000,7444
943104,567781,31,0002,07445,0,152373,171577,7445
943168,567811,31,0002,07453,0,000000,000000,7453
943177,567817,31,0002,07454,0,154477,154477,7454
943298,567879,31,0002,07465,0,000000,000000,7465
943358,567908,31,0002,07472,0,000000,000000,7472
943424,567939,31,0002,07501,0,000000,000000,7501
943484,567968,31,0002,07506,0,000000,000000,7506
943549,568000,03,7135,00002,0,000000,000000,7520
943550,568001,31,0002,07520,0,000000,000000,7520
943614,568032,31,0002,07530,0,000000,000000,7530
944802,568637,31,0002,07405,0,000000,000000,7405
944815,568645,31,0002,07406,0,156517,165565,7406
944875,568673,31,0002,07412,0,000000,000000,7412
944884,568679,31,0002,07413,0,017326,017326,7413
944943,568707,31,0002,07417,0,000000,000000,7417
944956,568715,31,0002,07420,0,030616,036376,7420
945112,568796,31,0002,06401,0,000000,000000,6401
945200,568843,31,2661,52155,0,162007,175237,6747
945203,568844,31,2662,21553,0,152015,177777,6747
945204,568845,31,2663,03740,0,000000,000000,6747
945206,568846,31,3740,35007,0,000000,000000,2664
945208,568847,31,3741,56003,0,001400,000000,2664
945211,568848,31,3742,52002,0,003400,000000,2664
945213,568849,31,3743,55442,0,002664,003400,0000
945215,568850,31,3744,22003,0,002664,003400,0000
945216,568851,31,3745,00000,0,002664,001400,0000
945217,568852,31,0000,02664,0,002664,001400,3746
945218,568853,31,2664,00006,0,002664,001400,0001
945221,568854,31,2665,31553,1,002664,001400,0001
945224,568855,31,2666,53643,0,152015,177777,0001
945225,568856,31,2667,00006,0,000000,000000,0001
945228,568857,31,2670,31545,1,000000,000000,0001
945231,568858,31,2671,53635,0,176532,175237,0001
945232,568859,31,2672,00006,0,176527,156617,0001
945235,568860,31,2673,31547,1,176527,156617,0001
945238,568861,31,2674,53637,0,002642,036102,0001
945239,568862,31,2675,00006,0,002641,012040,0001
945242,568863,31,2676,31551,1,002641,012040,0001
945245,568864,31,2677,53641,0,001105,021434,0001
945246,568865,31,2700,03704,0,001105,021460,0001
945248,568866,31,3704,31642,0,001105,021460,2701
945249,568867,31,3705,00006,0,152015,021460,2701
945252,568868,31,3706,74750,1,152015,021460,2701
945255,568869,31,3707,53476,0,177772,160157,2701
945257,568870,31,3710,35014,0,000000,000000,2701
945259,568871,31,3711,54003,0,002400,000000,2701
945261,568872,31,3712,31470,0,002400,000000,2701
945263,568873,31,3713,24006,0,000000,000000,2701
945265,568874,31,3714,24006,0,000000,000000,2701
945267,568875,31,3715,61642,0,000000,000000,2701
945268,568876,31,3716,00006,0,152015,000000,2701
945271,568877,31,3717,73751,1,152015,000000,2701
945273,568878,31,3720,63747,0,001604,006116,2701
945275,568879,31,3721,64735,0,001435,006116,2701
945277,568880,31,3722,54001,0,141435,006116,2701
945279,568881,31,3723,40001,0,141435,141435,2701
945281,568882,31,3724,60001,0,036342,141435,2701
945283,568883,31,3725,63750,0,177777,141435,2701
945285,568884,31,3726,64733,0,000143,141435,2701
945287,568885,31,3727,55666,0,040142,141435,2701
945289,568886,31,3731,27666,0,000001,141435,2701
945290,568887,31,3732,00002,0,000143,141435,2701
945291,568888,31,0002,02701,0,000143,141435,2701
945292,568889,31,2701,03740,0,000143,141435,0003
945294,568890,31,3740,35007,0,000143,141435,2702
945296,568891,31,3741,56003,0,001400,141435,2702
945299,568892,31,3742,52002,0,003400,141435,2702
945301,568893,31,3743,55442,0,002702,003400,1435
945303,568894,31,3744,22003,0,002702,003400,1435
945304,568895,31,3745,00000,0,002702,001400,1435
945305,568896,31,0000,02702,0,002702,001400,3746
945307,568897,31,2702,51351,0,002702,001400,0001
945308,568898,31,2703,12424,0,002702,001400,0001
945309,568899,31,2424,13003,0,002702,001400,0001
945310,568900,31,3003,06037,0,002702,001400,0001
945474,568987,31,0002,07344,0,002640,025710,7344
945498,569000,03,7117,56156,0,000000,000000,7161
945529,569015,31,0002,07161,0,000000,000000,7161
945596,569047,31,0002,07171,0,000000,000000,7171
945669,569082,31,0002,07205,0,000000,000000,7205
945683,569089,31,0137,07345,0,000000,000000,7213
945766,569129,31,0002,07161,0,000000,000000,7161
945833,569161,31,0002,07171,0,000000,000000,7171
946001,569249,31,0002,07205,0,000000,000000,7205
946015,569256,31,0137,07362,0,000000,000000,7213
946091,569292,31,0002,07161,0,000000,000000,7161
946158,569324,31,0002,07171,0,000000,000000,7171
946231,569359,31,0002,07205,0,000000,000000,7205
946245,569366,31,0137,07373,0,000000,000000,7213
946604,569552,31,0002,06373,0,000000,000000,6373
946638,569571,31,3013,06037,0,162007,000000,6747
946842,569677,31,0002,07465,0,000000,000000,7465
946902,569706,31,0002,07472,0,000000,000000,7472
946966,569737,31,0002,07501,0,000000,000000,7501
947026,569766,31,0002,07506,0,000000,000000,7506
947092,569799,31,0002,07520,0,000000,000000,7520
947156,569830,31,0002,07530,0,000000,000000,7530
947477,570000,03,6433,26116,0,000264,000000,6373
947508,570015,31,0002,06373,0,000000,000000,6373
947599,570064,31,0002,07344,0,000000,000000,7344
947655,570092,31,0002,07161,0,000000,000000,7161
947855,570202,31,0002,07171,0,000000,000000,7171
947928,570237,31,0002,07205,0,000000,000000,7205
947942,570244,31,0137,07345,0,000000,000000,7213
948024,570284,31,0002,07161,0,000000,000000,7161
948092,570316,31,0002,07171,0,000000,000000,7171
948165,570351,31,0002,07205,0,000000,000000,7205
948179,570358,31,0137,07362,0,177777,000000,7213
948255,570394,31,0002,07161,0,000000,000000,7161
948428,570489,31,0002,07171,0,000000,000000,7171
948503,570524,31,0002,07205,0,000000,000000,7205
948517,570531,31,0137,07373,0,000000,000000,7213
948613,570578,31,0002,06373,0,000000,000000,6373
949193,570881,31,0002,06405,0,000000,000000,6405
949415,571000,00,3266,30162,1,000000,000000,0003
949580,571090,31,0002,07344,0,000000,000000,7344
949634,571118,31,0002,07161,0,000000,000000,7161
949701,571150,31,0002,07171,0,000000,000000,7171
949775,571185,31,0002,07205,0,000000,000000,7205
949789,571192,31,0137,07345,0,000522,000000,7213
949871,571232,31,0002,07161,0,000000,000000,7161
949938,571264,31,0002,07171,0,000000,000000,7171
950012,571299,31,0002,07205,0,000000,000000,7205
950026,571306,31,0137,07362,0,176456,000000,7213
950102,571342,31,0002,07161,0,000000,000000,7161
950169,571374,31,0002,07171,0,000000,000000,7171
950244,571409,31,0002,07205,0,000000,000000,7205
950258,571416,31,0137,07373,0,177335,000000,7213
950415,571498,31,0002,06373,0,000000,000000,6373
951107,571854,31,0002,06405,0,000000,000000,6405
951376,572000,03,7552,64736,0,002540,001244,3013
952282,572455,31,0002,07161,0,000000,000000,7161
952350,572487,31,0002,07171,0,000000,000000,7171
952423,572522,31,0002,07205,0,000000,000000,7205
952437,572529,31,0137,07332,0,000000,000000,7213
952476,572550,31,3045,30120,0,162007,000000,6747
952478,572551,31,3046,54166,0,000455,000000,6747
952480,572552,31,3047,30154,0,000455,000000,6747
952482,572553,31,3050,60000,0,000000,000000,6747
952483,572554,31,3051,04616,0,000000,000000,6747
952556,572592,31,0133,03053,0,000000,000000,4635
952558,572593,31,3053,63753,0,000000,000000,0134
952559,572594,31,3054,00006,0,000056,000000,0134
952562,572595,31,3055,73752,1,000056,000000,0134
952564,572596,31,3056,55667,0,000000,020130,0134
952566,572597,31,3057,51351,0,000000,020130,0134
952567,572598,31,3060,12430,0,000000,020130,0134
952568,572599,31,2430,13061,0,000000,020130,0134
952569,572600,31,3061,03677,0,000000,020130,0134
952571,572601,31,3677,51351,0,000000,020130,3062
952573,572602,31,3700,42451,0,000000,020130,3062
952575,572603,31,3701,50120,0,177777,020130,3062
952577,572604,31,3702,54523,0,177777,020130,3062
952578,572605,31,3703,16037,0,177777,020130,3062
952735,572691,31,0002,06403,0,000000,000000,6403
952865,572761,31,0002,06401,0,000000,177777,6401
953255,572976,31,0002,06403,0,000000,177777,6403
953296,573000,03,6207,56116,0,001400,177777,0003
953554,573138,31,0002,06373,0,000000,140000,6373
953589,573157,31,3102,34744,0,162007,140000,6747
953591,573158,31,3103,55572,0,000200,140000,6747
953592,573159,31,3104,00006,0,000200,140000,6747
953595,573160,31,3105,31643,1,000200,140000,6747
953598,573161,31,3106,52155,0,152015,177777,6747
953602,573162,31,3107,34752,0,000332,002452,6747
953604,573163,31,3110,54001,0,000002,002452,6747
953606,573164,31,3111,33746,0,000002,000002,6747
953607,573165,31,3112,03553,0,001565,000002,6747
953608,573166,31,3553,00006,0,001565,000002,3113
953610,573167,31,3554,22132,1,001565,000002,3113
953612,573168,31,3555,54117,0,001565,000002,0000
953615,573169,31,3556,52160,0,001565,000002,0000
953617,573170,31,3557,33676,0,000000,000000,0000
953619,573171,31,3560,54141,0,000147,000000,0000
953621,573172,31,3561,54161,0,000147,000000,0000
953623,573173,31,3562,10160,0,000147,000000,0000
953625,573174,31,3563,54162,0,000001,000000,0000
953627,573175,31,3564,34755,0,000001,000000,0000
953629,573176,31,3565,54163,0,000000,000000,0000
953630,573177,31,3566,00006,0,000000,000000,0000
953633,573178,31,3567,30155,1,000000,000000,0000
953636,573179,31,3570,52127,0,152015,177777,0000
953638,573180,31,3571,50157,0,000000,034327,0000
953640,573181,31,3572,31572,0,000000,034327,0000
953641,573182,31,3573,07307,0,000200,034327,0000
953672,573198,31,0002,03574,0,000000,000000,3574
953673,573199,31,3574,04713,0,000000,000000,0003
953744,573239,31,3576,52155,0,162007,143377,6747
953747,573240,31,3577,52125,0,000127,034400,6747
953748,573241,31,3600,00006,0,001243,001516,6747
953750,573242,31,3601,50117,1,001243,001516,6747
953753,573243,31,3602,31571,1,001243,001516,6747
953756,573244,31,3603,52155,0,000000,000000,6747
953758,573245,31,3604,30160,0,162007,143377,6747
953760,573246,31,3605,54140,0,000002,143377,6747
953762,573247,31,3606,64753,0,000002,143377,6747
953763,573248,31,3607,07316,0,000003,143377,6747
953786,573260,31,0002,03610,0,000000,000000,3610
953787,573261,31,3610,00006,0,000000,000000,0003
953789,573262,31,3611,50117,1,000000,000000,0003
953792,573263,31,3612,31567,1,000000,000000,0003
953795,573264,31,3613,52155,0,000000,000000,0003
953797,573265,31,3614,50141,0,000000,000000,0003
953800,573266,31,3615,52153,0,000000,000000,0003
953802,573267,31,3616,44752,0,015127,000000,0003
953804,573268,31,3617,26117,0,177775,000000,0003
953806,573269,31,3620,44752,0,001563,000000,0003
953808,573270,31,3621,26141,0,177775,000000,0003
953810,573271,31,3622,10140,0,000145,000000,0003
953811,573272,31,3623,13605,0,000001,000000,0003
953813,573273,31,3605,54140,0,000001,000000,0003
953815,573274,31,3606,64753,0,000001,000000,0003
953816,573275,31,3607,07316,0,000002,000000,0003
953839,573287,31,0002,03610,0,000000,000000,3610
953840,573288,31,3610,00006,0,000000,000000,0003
953842,573289,31,3611,50117,1,000000,000000,0003
953845,573290,31,3612,31565,1,000000,000000,0003
953848,573291,31,3613,52155,0,000000,000000,0003
953850,573292,31,3614,50141,0,000000,000000,0003
953853,573293,31,3615,52151,0,000000,000000,0003
953855,573294,31,3616,44752,0,004065,000000,0003
953857,573295,31,3617,26117,0,177775,000000,0003
953859,573296,31,3620,44752,0,001561,000000,0003
953861,573297,31,3621,26141,0,177775,000000,0003
953863,573298,31,3622,10140,0,000143,000000,0003
953864,573299,31,3623,13605,0,000000,000000,0003
953866,573300,31,3605,54140,0,000000,000000,0003
953868,573301,31,3606,64753,0,000000,000000,0003
953869,573302,31,3607,07316,0,000001,000000,0003
953892,573314,31,0002,03610,0,000000,000000,3610
953893,573315,31,3610,00006,0,000000,000000,0003
953895,573316,31,3611,50117,1,000000,000000,0003
953898,573317,31,3612,31563,1,000000,000000,0003
953901,573318,31,3613,52155,0,000332,002452,0003
953903,573319,31,3614,50141,0,000000,000000,0003
953906,573320,31,3615,52147,0,000000,000000,0003
953908,573321,31,3616,44752,0,005155,176721,0003
953910,573322,31,3617,26117,0,177775,176721,0003
953912,573323,31,3620,44752,0,001557,176721,0003
953914,573324,31,3621,26141,0,177775,176721,0003
953916,573325,31,3622,10140,0,000141,176721,0003
953917,573326,31,3624,00006,0,000000,176721,0003
953920,573327,31,3625,30127,1,000000,176721,0003
953923,573328,31,3626,52155,0,152015,177777,0003
953924,573329,31,3627,00006,0,000332,002452,0003
953927,573330,31,3630,30162,1,000332,002452,0003
953928,573331,31,3631,07215,0,000147,000001,0003
954003,573369,31,0002,07246,0,000000,000000,7246
954072,573403,31,0002,07246,0,000000,000000,7246
954085,573410,31,0141,03632,0,000000,000000,7255
954086,573411,31,3632,00006,0,000000,000000,0142
954089,573412,31,3633,30127,1,000000,000000,0142
954092,573413,31,3634,52155,0,152015,177777,0142
954095,573414,31,3635,52131,0,000000,000000,0142
954096,573415,31,3636,00006,0,000455,000000,0142
954099,573416,31,3637,30160,1,000455,000000,0142
954100,573417,31,3640,07215,0,001565,000002,0142
954175,573455,31,0002,07246,0,000000,000000,7246
954244,573489,31,0002,07246,0,000000,000000,7246
954312,573523,31,0002,07246,0,000000,000000,7246
954325,573530,31,0141,03641,0,000000,000000,7255
954326,573531,31,3641,04713,0,000000,000000,0142
954443,573601,31,3643,00006,0,162007,002365,6747
954446,573602,31,3644,40155,1,162007,002365,6747
954449,573603,31,3645,20127,0,140000,140000,6747
954450,573604,31,3646,04713,0,177776,000000,6747
954504,573635,31,3650,00006,0,162007,000000,6747
954507,573636,31,3651,40125,1,162007,000000,6747
954510,573637,31,3652,20155,0,177650,143377,6747
954512,573638,31,3653,30163,0,000000,000000,6747
954514,573639,31,3654,74750,0,000000,000000,6747
954516,573640,31,3655,10000,0,000000,000000,6747
954518,573641,31,3657,24163,0,000000,000000,6747
954520,573642,31,3660,10154,0,000000,000000,6747
954521,573643,31,3661,13624,0,037647,000000,6747
954522,573644,31,3624,00006,0,037647,000000,6747
954525,573645,31,3625,30127,1,037647,000000,6747
954528,573646,31,3626,52155,0,152016,140000,6747
954529,573647,31,3627,00006,0,037650,003377,6747
954532,573648,31,3630,30162,1,037650,003377,6747
954533,573649,31,3631,07215,0,000147,000001,6747
954608,573687,31,0002,07246,0,000000,000000,7246
954676,573721,31,0002,07246,0,000000,000000,7246
954689,573728,31,0141,03632,0,000000,000000,7255
954690,573729,31,3632,00006,0,000000,000000,0142
954693,573730,31,3633,30127,1,000000,000000,0142
954696,573731,31,3634,52155,0,152016,140000,0142
954699,573732,31,3635,52131,0,000000,000000,0142
954700,573733,31,3636,00006,0,000000,000000,0142
954703,573734,31,3637,30160,1,000000,000000,0142
954704,573735,31,3640,07215,0,001565,000002,0142
954779,573773,31,0002,07246,0,000000,000000,7246
954917,573846,31,0002,07246,0,000000,000000,7246
954985,573880,31,0002,07246,0,000000,000000,7246
954998,573887,31,0141,03641,0,000000,000000,7255
954999,573888,31,3641,04713,0,000000,000000,0142
955117,573958,31,3643,00006,0,162007,002365,6747
955120,573959,31,3644,40155,1,162007,002365,6747
955123,573960,31,3645,20127,0,140000,140000,6747
955124,573961,31,3646,04713,0,177776,000000,6747
955176,573992,31,3650,00006,0,162007,000000,6747
955179,573993,31,3651,40125,1,162007,000000,6747
955182,573994,31,3652,20155,0,177650,143377,6747
955184,573995,31,3653,30163,0,000000,000000,6747
955186,573996,31,3654,74750,0,000001,000000,6747
955188,573997,31,3655,10000,0,000000,000000,6747
955190,573998,31,3657,24163,0,000000,000000,6747
955192,573999,31,3660,10154,0,000000,000000,6747
955193,574000,31,3661,13624,0,037647,000000,6747
955194,574001,31,3624,00006,0,037647,000000,6747
955197,574002,31,3625,30127,1,037647,000000,6747
955200,574003,31,3626,52155,0,152016,140001,6747
955201,574004,31,3627,00006,0,037650,003377,6747
955204,574005,31,3630,30162,1,037650,003377,6747
955205,574006,31,3631,07215,0,000147,000001,6747
955280,574044,31,0002,07246,0,000000,000000,7246
955350,574078,31,0002,07246,0,000000,000000,7246
955363,574085,31,0141,03632,0,000000,000000,7255
955364,574086,31,3632,00006,0,000000,000000,0142
955367,574087,31,3633,30127,1,000000,000000,0142
955370,574088,31,3634,52155,0,152016,140001,0142
955373,574089,31,3635,52131,0,000000,000000,0142
955374,574090,31,3636,00006,0,000000,000000,0142
955377,574091,31,3637,30160,1,000000,000000,0142
955378,574092,31,3640,07215,0,001565,000002,0142
955453,574130,31,0002,07246,0,000000,000000,7246
955521,574164,31,0002,07246,0,000000,000000,7246
955589,574198,31,0002,07246,0,000000,000000,7246
955602,574205,31,0141,03641,0,000000,000000,7255
955603,574206,31,3641,04713,0,000000,000000,0142
955720,574276,31,3643,00006,0,162007,002365,6747
955723,574277,31,3644,40155,1,162007,002365,6747
955726,574278,31,3645,20127,0,140000,140000,6747
955727,574279,31,3646,04713,0,177776,000000,6747
955780,574310,31,3650,00006,0,162007,000000,6747
955783,574311,31,3651,40125,1,162007,000000,6747
955786,574312,31,3652,20155,0,177650,143377,6747
955788,574313,31,3653,30163,0,000000,000000,6747
955790,574314,31,3654,74750,0,000002,000000,6747
955792,574315,31,3655,10000,0,000000,000000,6747
955794,574316,31,3657,24163,0,000000,000000,6747
955796,574317,31,3660,10154,0,000000,000000,6747
955797,574318,31,3661,13624,0,037647,000000,6747
955798,574319,31,3624,00006,0,037647,000000,6747
955801,574320,31,3625,30127,1,037647,000000,6747
955804,574321,31,3626,52155,0,152016,140002,6747
955805,574322,31,3627,00006,0,037650,003377,6747
955808,574323,31,3630,30162,1,037650,003377,6747
955809,574324,31,3631,07215,0,000147,000001,6747
955884,574362,31,0002,07246,0,000000,000000,7246
955953,574396,31,0002,07246,0,000000,000000,7246
955966,574403,31,0141,03632,0,000000,000000,7255
955967,574404,31,3632,00006,0,000000,000000,0142
955970,574405,31,3633,30127,1,000000,000000,0142
955973,574406,31,3634,52155,0,152016,140002,0142
955976,574407,31,3635,52131,0,000000,000000,0142
955977,574408,31,3636,00006,0,000000,000000,0142
955980,574409,31,3637,30160,1,000000,000000,0142
955981,574410,31,3640,07215,0,001565,000002,0142
956056,574448,31,0002,07246,0,000000,000000,7246
956124,574482,31,0002,07246,0,000000,000000,7246
956194,574516,31,0002,07246,0,000000,000000,7246
956207,574523,31,0141,03641,0,000000,000000,7255
956208,574524,31,3641,04713,0,000000,000000,0142
956325,574594,31,3643,00006,0,162007,002365,6747
956328,574595,31,3644,40155,1,162007,002365,6747
956331,574596,31,3645,20127,0,140000,140000,6747
956332,574597,31,3646,04713,0,177776,000000,6747
956384,574628,31,3650,00006,0,162007,000000,6747
956387,574629,31,3651,40125,1,162007,000000,6747
956390,574630,31,3652,20155,0,177650,143377,6747
956392,574631,31,3653,30163,0,000000,000000,6747
956394,574632,31,3654,74750,0,000003,000000,6747
956396,574633,31,3655,10000,0,000000,000000,6747
956398,574634,31,3657,24163,0,000000,000000,6747
956400,574635,31,3660,10154,0,000000,000000,6747
956401,574636,31,3661,13624,0,037647,000000,6747
956402,574637,31,3624,00006,0,037647,000000,6747
956405,574638,31,3625,30127,1,037647,000000,6747
956408,574639,31,3626,52155,0,152016,140003,6747
956409,574640,31,3627,00006,0,037650,003377,6747
956412,574641,31,3630,30162,1,037650,003377,6747
956413,574642,31,3631,07215,0,000147,000001,6747
956488,574680,31,0002,07246,0,000000,000000,7246
956556,574714,31,0002,07246,0,000000,000000,7246
956569,574721,31,0141,03632,0,000000,000000,7255
956570,574722,31,3632,00006,0,000000,000000,0142
956573,574723,31,3633,30127,1,000000,000000,0142
956576,574724,31,3634,52155,0,152016,140003,0142
956579,574725,31,3635,52131,0,000000,000000,0142
956580,574726,31,3636,00006,0,000000,000000,0142
956583,574727,31,3637,30160,1,000000,000000,0142
956584,574728,31,3640,07215,0,001565,000002,0142
956750,574818,31,0002,07246,0,000000,000000,7246
956819,574852,31,0002,07246,0,000000,000000,7246
956887,574886,31,0002,07246,0,000000,000000,7246
956900,574893,31,0141,03641,0,000000,000000,7255
956901,574894,31,3641,04713,0,000000,000000,0142
957020,574964,31,3643,00006,0,162007,002365,6747
957023,574965,31,3644,40155,1,162007,002365,6747
957026,574966,31,3645,20127,0,140000,140000,6747
957027,574967,31,3646,04713,0,177776,000000,6747
957079,574998,31,3650,00006,0,162007,000000,6747
957082,574999,31,3651,40125,1,162007,000000,6747
957085,575000,31,3652,20155,0,177650,143377,6747
957087,575001,31,3653,30163,0,000000,000000,6747
957089,575002,31,3654,74750,0,000004,000000,6747
957091,575003,31,3655,10000,0,000000,000000,6747
957093,575004,31,3657,24163,0,000000,000000,6747
957095,575005,31,3660,10154,0,000000,000000,6747
957096,575006,31,3661,13624,0,037647,000000,6747
957097,575007,31,3624,00006,0,037647,000000,6747
957100,575008,31,3625,30127,1,037647,000000,6747
957103,575009,31,3626,52155,0,152016,140004,6747
957104,575010,31,3627,00006,0,037650,003377,6747
957107,575011,31,3630,30162,1,037650,003377,6747
957108,575012,31,3631,07215,0,000147,000001,6747
957183,575050,31,0002,07246,0,000000,000000,7246
957251,575084,31,0002,07246,0,000000,000000,7246
957264,575091,31,0141,03632,0,000000,000000,7255
957265,575092,31,3632,00006,0,000000,000000,0142
957268,575093,31,3633,30127,1,000000,000000,0142
957271,575094,31,3634,52155,0,152016,140004,0142
957274,575095,31,3635,52131,0,000000,000000,0142
957275,575096,31,3636,00006,0,000000,000000,0142
957278,575097,31,3637,30160,1,000000,000000,0142
957279,575098,31,3640,07215,0,001565,000002,0142
957354,575136,31,0002,07246,0,000000,000000,7246
957422,575170,31,0002,07246,0,000000,000000,7246
957491,575204,31,0002,07246,0,000000,000000,7246
957504,575211,31,0141,03641,0,000000,000000,7255
957505,575212,31,3641,04713,0,000000,000000,0142
957622,575282,31,3643,00006,0,162007,002365,6747
957625,575283,31,3644,40155,1,162007,002365,6747
957628,575284,31,3645,20127,0,140000,140000,6747
957629,575285,31,3646,04713,0,177776,000000,6747
957682,575316,31,3650,00006,0,162007,000000,6747
957685,575317,31,3651,40125,1,162007,000000,6747
957688,575318,31,3652,20155,0,177650,143377,6747
957690,575319,31,3653,30163,0,000000,000000,6747
957692,575320,31,3654,74750,0,000005,000000,6747
957694,575321,31,3655,10000,0,000000,000000,6747
957696,575322,31,3657,24163,0,000000,000000,6747
957698,575323,31,3660,10154,0,000000,000000,6747
957699,575324,31,3661,13624,0,037647,000000,6747
957700,575325,31,3624,00006,0,037647,000000,6747
957703,575326,31,3625,30127,1,037647,000000,6747
957706,575327,31,3626,52155,0,152016,140005,6747
957707,575328,31,3627,00006,0,037650,003377,6747
957710,575329,31,3630,30162,1,037650,003377,6747
957711,575330,31,3631,07215,0,000147,000001,6747
957786,575368,31,0002,07246,0,000000,000000,7246
957854,575402,31,0002,07246,0,000000,000000,7246
957869,575409,31,0141,03632,0,000000,000000,7255
957870,575410,31,3632,00006,0,000000,000000,0142
957873,575411,31,3633,30127,1,000000,000000,0142
957876,575412,31,3634,52155,0,152016,140005,0142
957879,575413,31,3635,52131,0,000000,000000,0142
957880,575414,31,3636,00006,0,000000,000000,0142
957883,575415,31,3637,30160,1,000000,000000,0142
957884,575416,31,3640,07215,0,001565,000002,0142
957959,575454,31,0002,07246,0,000000,000000,7246
958027,575488,31,0002,07246,0,000000,000000,7246
958095,575522,31,0002,07246,0,000000,000000,7246
958108,575529,31,0141,03641,0,000000,000000,7255
958109,575530,31,3641,04713,0,000000,000000,0142
958226,575600,31,3643,00006,0,162007,002365,6747
958229,575601,31,3644,40155,1,162007,002365,6747
958232,575602,31,3645,20127,0,140000,140000,6747
958233,575603,31,3646,04713,0,177776,000000,6747
958285,575634,31,3650,00006,0,162007,000000,6747
958288,575635,31,3651,40125,1,162007,000000,6747
958291,575636,31,3652,20155,0,177650,143377,6747
958293,575637,31,3653,30163,0,000000,000000,6747
958296,575638,31,3654,74750,0,000006,000000,6747
958298,575639,31,3655,10000,0,000000,000000,6747
958300,575640,31,3657,24163,0,000000,000000,6747
958302,575641,31,3660,10154,0,000000,000000,6747
958303,575642,31,3661,13624,0,037647,000000,6747
958304,575643,31,3624,00006,0,037647,000000,6747
958307,575644,31,3625,30127,1,037647,000000,6747
958310,575645,31,3626,52155,0,152016,140006,6747
958311,575646,31,3627,00006,0,037650,003377,6747
958314,575647,31,3630,30162,1,037650,003377,6747
958315,575648,31,3631,07215,0,000147,000001,6747
958459,575725,31,0002,07246,0,000000,000000,7246
958797,575911,31,0002,07246,0,000000,000000,7246
958810,575918,31,0141,03632,0,000000,000000,7255
958811,575919,31,3632,00006,0,000000,000000,0142
958814,575920,31,3633,30127,1,000000,000000,0142
958817,575921,31,3634,52155,0,152016,140006,0142
958820,575922,31,3635,52131,0,000000,000000,0142
958821,575923,31,3636,00006,0,000000,000000,0142
958824,575924,31,3637,30160,1,000000,000000,0142
958825,575925,31,3640,07215,0,001565,000002,0142
958900,575963,31,0002,07246,0,000000,000000,7246
958968,575997,31,0002,07246,0,000000,000000,7246
958974,576000,03,7250,31565,1,000000,000000,0003
959036,576031,31,0002,07246,0,000000,000000,7246
959049,576038,31,0141,03641,0,000000,000000,7255
959050,576039,31,3641,04713,0,000000,000000,0142
959388,576228,31,3643,00006,0,162007,002365,6747
959391,576229,31,3644,40155,1,162007,002365,6747
959394,576230,31,3645,20127,0,140000,140000,6747
959395,576231,31,3646,04713,0,177776,000000,6747
959447,576262,31,3650,00006,0,162007,000000,6747
959450,576263,31,3651,40125,1,162007,000000,6747
959453,576264,31,3652,20155,0,177650,143377,6747
959455,576265,31,3653,30163,0,000000,000000,6747
959457,576266,31,3654,74750,0,000007,000000,6747
959459,576267,31,3655,10000,0,000000,000000,6747
959461,576268,31,3657,24163,0,000000,000000,6747
959463,576269,31,3660,10154,0,000000,000000,6747
959464,576270,31,3661,13624,0,037647,000000,6747
959465,576271,31,3624,00006,0,037647,000000,6747
959468,576272,31,3625,30127,1,037647,000000,6747
959471,576273,31,3626,52155,0,152016,140007,6747
959472,576274,31,3627,00006,0,037650,003377,6747
959475,576275,31,3630,30162,1,037650,003377,6747
959476,576276,31,3631,07215,0,000147,000001,6747
959551,576314,31,0002,07246,0,000000,000000,7246
959621,576348,31,0002,07246,0,000000,000000,7246
959634,576355,31,0141,03632,0,000000,000000,7255
959635,576356,31,3632,00006,0,000000,000000,0142
959638,576357,31,3633,30127,1,000000,000000,0142
959641,576358,31,3634,52155,0,152016,140007,0142
959644,576359,31,3635,52131,0,000000,000000,0142
959645,576360,31,3636,00006,0,000000,000000,0142
959648,576361,31,3637,30160,1,000000,000000,0142
959649,576362,31,3640,07215,0,001565,000002,0142
959724,576400,31,0002,07246,0,000000,000000,7246
959792,576434,31,0002,07246,0,000000,000000,7246
959860,576468,31,0002,07246,0,000000,000000,7246
959873,576475,31,0141,03641,0,000000,000000,7255
959874,576476,31,3641,04713,0,000000,000000,0142
959991,576546,31,3643,00006,0,162007,002365,6747
959994,576547,31,3644,40155,1,162007,002365,6747
959997,576548,31,3645,20127,0,140000,140000,6747
959998,576549,31,3646,04713,0,177776,000000,6747
960051,576580,31,3650,00006,0,162007,000000,6747
960054,576581,31,3651,40125,1,162007,000000,6747
960057,576582,31,3652,20155,0,177650,143377,6747
960059,576583,31,3653,30163,0,000000,000000,6747
960061,576584,31,3654,74750,0,000010,000000,6747
960063,576585,31,3655,10000,0,000010,000000,6747
960064,576586,31,3656,00132,0,000007,000000,6747
960065,576587,31,0132,03113,0,000007,000000,3657
960067,576588,31,3113,51351,0,000007,000000,0133
960068,576589,31,3114,12446,0,000007,000000,0133
960069,576590,31,2446,13733,0,000007,000000,0133
960070,576591,31,3733,05652,0,000007,000000,0133
960172,576647,31,0133,05670,0,000000,000402,4635
960241,576681,31,0133,05676,0,177777,000000,4635
960318,576719,31,0133,05700,0,177777,000000,4635
960328,576725,31,2412,05650,0,005650,000000,0134
960842,577000,05,3012,12776,0,000001,000000,0003
962288,577800,31,0117,03602,0,177754,000000,2350
962377,577846,31,0002,02333,0,001661,164001,2333
962658,578000,40,3351,11033,0,000000,000000,3336
962716,578036,31,0117,03604,0,177754,000000,2350
963147,578276,31,0133,03462,0,172000,000000,4635
963155,578282,31,0002,03463,0,020040,000000,3463
963161,578286,31,0136,04202,0,000001,000000,3466
964487,579000,20,2751,34755,0,000000,000000,0003
966368,580000,02,4642,56002,0,001214,003304,0000
968010,581000,02,4635,56002,0,000000,003304,3335
969658,582000,06,2033,11035,0,000012,140000,2142
971301,583000,02,5167,01007,1,166102,003304,1214
972971,584000,01,3221,54001,0,003304,003304,1214
974619,585000,02,5171,00001,0,166102,003304,1214
976262,586000,43,3332,00006,0,000000,003304,3304
977914,587000,01,3223,15166,0,166102,003304,1214
979557,588000,02,4644,13214,0,000000,003304,1214
981231,589000,43,3334,04635,0,000000,003304,3304
982877,590000,43,3304,11362,0,166102,003304,0002
984543,591000,02,4644,13214,0,000000,003304,1214
986185,592000,02,4637,33335,0,003335,003304,0000
987832,593000,05,3545,10000,0,032145,002204,0336
989534,594000,01,3214,10067,0,000000,003304,1214
991184,595000,02,4641,75012,0,003214,003304,0000
992824,596000,43,3334,04635,0,000000,003304,3304
994478,597000,43,3304,11362,0,166102,003304,0002
996122,598000,02,5166,00006,0,166102,003304,1214
997798,599000,02,4642,56002,0,001214,003304,0000
999439,600000,02,4635,56002,0,000000,003304,3335
1001090,601000,02,4635,56002,0,000000,003304,3335
1002735,602000,43,3306,03303,0,000000,003304,0002
1004392,603000,43,3333,23361,1,000000,003304,3304
1006029,604000,43,3334,04635,0,000000,003304,3304
1007694,605000,02,4636,50000,0,003335,003304,0000
1009333,606000,02,4042,56006,0,012100,000000,1214
1010968,607000,02,4641,75012,0,003214,003304,0000
1012608,608000,01,3221,54001,0,003304,003304,1214
1014247,609000,43,3303,03332,0,000000,003304,3307
1015912,610000,02,4640,54004,0,003214,003304,0000
1017549,611000,02,4641,75012,0,003214,003304,0000
1019188,612000,02,4642,56002,0,001214,003304,0000
1020828,613000,01,3222,33224,0,003304,003304,1214
1022465,614000,01,3223,15166,0,166102,003304,1214
1024129,615000,02,5167,01007,1,166102,003304,1214
1025788,616000,01,3223,15166,0,166102,003304,1214
1027426,617000,02,5166,00006,0,166102,003304,1214
1029062,618000,05,3657,33531,0,000240,000240,3525
1030697,619000,02,4643,50002,0,000000,003304,1214
1032361,620000,02,5166,00006,0,166102,003304,1214
1033999,621000,43,3306,03303,0,000000,003304,0002
1035642,622000,43,3334,04635,0,000000,003304,3304
1037283,623000,02,4642,56002,0,001214,003304,0000
1038921,624000,01,3222,33224,0,003304,003304,1214
1040584,625000,43,3304,11362,0,166102,003304,0002
1042221,626000,02,4635,56002,0,000000,003304,3335
1043863,627000,01,3221,54001,0,003304,003304,1214
1045518,628000,02,4636,50000,0,003335,003304,0000
1047158,629000,02,5166,00006,0,166102,003304,1214
1048801,630000,16,2041,02000,0,007777,166002,3525
1050455,631000,02,4644,13214,0,000000,003304,1214
1052092,632000,43,3306,03303,0,000000,003304,0002
1053730,633000,43,3303,03332,0,000000,003304,3307
1055372,634000,33,0001,03304,0,166102,003304,5172
1057011,635000,02,4642,56002,0,001214,003304,0000
1058673,636000,02,5167,01007,1,166102,003304,1214
1060307,637000,43,3333,23361,1,000000,003304,3304
1061943,638000,02,4643,50002,0,000000,003304,1214
1063580,639000,02,5166,00006,0,166102,003304,1214
1065222,640000,06,2100,74736,0,141737,000000,2014
1066904,641000,02,4640,54004,0,003214,003304,0000
1068542,642000,02,4641,75012,0,003214,003304,0000
1070181,643000,02,4642,56002,0,001214,003304,0000
1071812,644000,43,3332,00006,0,000000,003304,3304
1073451,645000,02,4640,54004,0,003214,003304,0000
1075118,646000,01,3220,31361,0,000000,003304,1214
1076756,647000,43,3334,04635,0,000000,003304,3304
1078457,648000,02,4643,50002,0,000000,003304,1214
1080096,649000,02,5171,00001,0,166102,003304,1214
1081734,650000,33,0001,03304,0,166102,003304,5172
1083398,651000,43,3306,03303,0,000000,003304,0002
1085036,652000,43,3303,03332,0,000000,003304,3307
1086694,653000,01,3223,15166,0,166102,003304,1214
1088326,654000,02,4641,75012,0,003214,003304,0000
1089965,655000,02,4642,56002,0,001214,003304,0000
1091626,656000,02,5271,22012,1,037766,034106,0073
1093268,657000,43,3304,11362,0,166102,003304,0002
1094906,658000,43,3306,03303,0,000000,003304,0002
1096548,659000,02,4642,56002,0,001214,003304,0000
1098186,660000,02,4643,50002,0,000000,003304,1214
1099825,661000,01,3223,15166,0,166102,003304,1214
1101488,662000,43,3306,03303,0,000000,003304,0002
1103126,663000,43,3303,03332,0,000000,003304,3307
1104764,664000,43,3332,00006,0,000000,003304,3304
1106420,665000,02,5036,60000,0,020000,177777,3151
1108062,666000,43,3303,03332,0,000000,003304,3307
1109724,667000,43,3333,23361,1,000000,003304,3304
1111359,668000,02,5167,01007,1,166102,003304,1214
1112996,669000,43,3303,03332,0,000000,003304,3307
1114634,670000,02,4637,33335,0,003335,003304,0000
1116274,671000,01,3214,10067,0,000000,003304,1214
1117944,672000,01,3214,10067,0,000000,003304,1214
1119583,673000,01,3220,31361,0,000000,003304,1214
1121221,674000,02,5170,54006,0,166102,003304,1214
1122858,675000,02,4636,50000,0,003335,003304,0000
1124497,676000,02,4637,33335,0,003335,003304,0000
1126164,677000,02,5167,01007,1,166102,003304,1214
1127823,678000,02,5167,01007,1,166102,003304,1214
1129462,679000,02,5170,54006,0,166102,003304,1214
1131092,680000,02,4644,13214,0,000000,003304,1214
1132730,681000,43,3306,03303,0,000000,003304,0002
1134395,682000,01,3214,10067,0,000000,003304,1214
1136034,683000,01,3220,31361,0,000000,003304,1214
1137674,684000,02,4643,50002,0,000000,003304,1214
1139312,685000,02,4644,13214,0,000000,003304,1214
1140950,686000,43,3306,03303,0,000000,003304,0002
1142587,687000,43,3303,03332,0,000000,003304,3307
1144253,688000,01,3220,31361,0,000000,003304,1214
1145892,689000,01,3221,54001,0,003304,003304,1214
1147549,690000,02,4640,54004,0,003214,003304,0000
1149187,691000,02,5273,56006,0,002002,000100,1214
1150820,692000,43,3303,03332,0,000000,003304,3307
1152484,693000,43,3333,23361,1,000000,003304,3304
1154120,694000,43,3334,04635,0,000000,003304,3304
1155763,695000,01,3221,54001,0,003304,003304,1214
1157406,696000,06,3170,26001,0,000000,000000,0000
1159046,697000,01,3221,54001,0,003304,003304,1214
1160709,698000,01,3223,15166,0,166102,003304,1214
1162347,699000,02,5166,00006,0,166102,003304,1214
1163986,700000,02,5167,01007,1,166102,003304,1214
1165623,701000,02,5170,54006,0,166102,003304,1214
1167293,702000,43,3303,03332,0,000000,003304,3307
1168972,703000,02,4641,75012,0,003214,003304,0000
1170612,704000,01,3221,54001,0,003304,003304,1214
1172251,705000,01,3222,33224,0,003304,003304,1214
1173889,706000,01,3223,15166,0,166102,003304,1214
1175527,707000,02,5166,00006,0,166102,003304,1214
1177192,708000,02,5170,54006,0,166102,003304,1214
1178829,709000,02,4636,50000,0,003335,003304,0000
1180471,710000,01,3222,33224,0,003304,003304,1214
1182109,711000,01,3223,15166,0,166102,003304,1214
1183744,712000,02,4635,56002,0,000000,003304,3335
1185400,713000,16,2161,04674,0,000000,000000,0073
1187048,714000,02,4640,54004,0,003214,003304,0000
1188709,715000,02,4643,50002,0,000000,003304,1214
1190339,716000,43,3333,23361,1,000000,003304,3304
1191979,717000,02,4641,75012,0,003214,003304,0000
1193618,718000,02,4642,56002,0,001214,003304,0000
1195283,719000,01,3223,15166,0,166102,003304,1214
1196921,720000,02,5166,00006,0,166102,003304,1214
1198566,721000,01,3223,15166,0,166102,003304,1214
1200202,722000,43,3304,11362,0,166102,003304,0002
1201840,723000,43,3306,03303,0,000000,003304,0002
1203503,724000,43,3332,00006,0,000000,003304,3304
1205143,725000,02,4640,54004,0,003214,003304,0000
1206781,726000,02,4641,75012,0,003214,003304,0000
1208420,727000,02,4642,56002,0,001214,003304,0000
1210077,728000,02,5272,30016,0,000000,000000,1214
1211737,729000,43,3304,11362,0,166102,003304,0002
1213373,730000,02,4635,56002,0,000000,003304,3335
1215014,731000,02,4643,50002,0,000000,003304,1214
1216653,732000,01,3223,15166,0,166102,003304,1214
1218291,733000,43,3304,11362,0,166102,003304,0002
1219959,734000,01,3221,54001,0,003304,003304,1214
1221597,735000,02,5171,00001,0,166102,003304,1214
1223233,736000,02,4637,33335,0,003335,003304,0000
1224872,737000,02,4640,54004,0,003214,003304,0000
1226512,738000,02,5170,54006,0,166102,003304,1214
1228175,739000,16,2176,42203,0,000000,034106,0073
1229831,740000,43,3332,00006,0,000000,003304,3304
1231469,741000,05,3511,13763,0,002002,000000,0336
1233105,742000,02,5167,01007,1,166102,003304,1214
1234741,743000,02,4637,33335,0,003335,003304,0000
1236381,744000,02,5167,01007,1,166102,003304,1214
1238040,745000,43,3334,04635,0,000000,003304,3304
1239684,746000,02,4642,56002,0,001214,003304,0000
1241320,747000,02,5166,00006,0,166102,003304,1214
1242956,748000,43,3303,03332,0,000000,003304,3307
1244597,749000,02,4643,50002,0,000000,003304,1214
1246260,750000,43,3304,11362,0,166102,003304,0002
1247898,751000,43,3306,03303,0,000000,003304,0002
1249541,752000,06,2101,00006,0,000000,000000,2014
1251194,753000,33,0001,03304,0,166102,003304,5172
1252828,754000,01,3220,31361,0,000000,003304,1214
1254494,755000,02,5170,54006,0,166102,003304,1214
1256128,756000,02,4644,13214,0,000000,003304,1214
1257827,757000,02,5167,01007,1,166102,003304,1214
1259463,758000,02,4635,56002,0,000000,003304,3335
1261107,759000,01,3221,54001,0,003304,003304,1214
1262771,760000,01,3223,15166,0,166102,003304,1214
1264409,761000,02,5166,00006,0,166102,003304,1214
1266048,762000,02,5167,01007,1,166102,003304,1214
1267687,763000,02,5170,54006,0,166102,003304,1214
1269317,764000,02,4644,13214,0,000000,003304,1214
1271004,765000,01,3222,33224,0,003304,003304,1214
1272642,766000,01,3223,15166,0,166102,003304,1214
1274280,767000,02,5166,00006,0,166102,003304,1214
1275918,768000,02,5167,01007,1,166102,003304,1214
1277557,769000,02,5170,54006,0,166102,003304,1214
1279205,770000,02,4706,02626,0,000000,002002,0626
1280888,771000,02,5167,01007,1,166102,003304,1214
1282526,772000,02,5170,54006,0,166102,003304,1214
1284164,773000,02,5171,00001,0,166102,003304,1214
1285801,774000,43,3333,23361,1,000000,003304,3304
1287439,775000,43,3334,04635,0,000000,003304,3304
1289104,776000,02,4636,50000,0,003335,003304,0000
1290774,777000,02,4041,34062,0,014006,000001,1214
1292413,778000,02,5166,00006,0,166102,003304,1214
1294058,779000,43,3306,03303,0,000000,003304,0002
1295696,780000,02,4636,50000,0,003335,003304,0000
1297361,781000,02,4640,54004,0,003214,003304,0000
1299000,782000,02,4641,75012,0,003214,003304,0000
1300639,783000,01,3221,54001,0,003304,003304,1214
1302280,784000,02,4642,56002,0,001214,003304,0000
1303919,785000,02,4643,50002,0,000000,003304,1214
1305583,786000,43,3304,11362,0,166102,003304,0002
1307222,787000,02,4641,75012,0,003214,003304,0000
1308861,788000,02,4642,56002,0,001214,003304,0000
1310497,789000,05,3704,00006,0,000000,000000,0336
1312151,790000,02,4636,50000,0,003335,003304,0000
1313817,791000,02,5167,01007,1,166102,003304,1214
1315492,792000,01,3221,54001,0,003304,003304,1214
1317128,793000,43,3333,23361,1,000000,003304,3304
1318764,794000,43,3334,04635,0,000000,003304,3304
1320406,795000,01,3222,33224,0,003304,003304,1214
1322081,796000,02,5166,00006,0,166102,003304,1214
1323723,797000,43,3306,03303,0,000000,003304,0002
1325370,798000,43,3303,03332,0,000000,003304,3307
1327008,799000,43,3332,00006,0,000000,003304,3304
1328647,800000,43,3333,23361,1,000000,003304,3304
1330284,801000,43,3334,04635,0,000000,003304,3304
1331970,802000,02,5171,00001,0,166102,003304,1214
1333609,803000,02,4640,54004,0,003214,003304,0000
1335242,804000,43,3306,03303,0,000000,003304,0002
1336880,805000,43,3303,03332,0,000000,003304,3307
1338518,806000,43,3332,00006,0,000000,003304,3304
1340182,807000,43,3334,04635,0,000000,003304,3304
1341824,808000,01,3220,31361,0,000000,003304,1214
1343463,809000,01,3221,54001,0,003304,003304,1214
1345101,810000,01,3222,33224,0,003304,003304,1214
1346771,811000,02,5171,00001,0,166102,003304,1214
1348456,812000,40,2103,02105,0,021300,002077,0002
1350106,813000,02,4640,54004,0,003214,003304,0000
1351745,814000,02,4641,75012,0,003214,003304,0000
1353408,815000,43,3334,04635,0,000000,003304,3304
1355053,816000,43,3304,11362,0,166102,003304,0002
1356724,817000,05,3507,00006,0,002002,034106,1214
1358360,818000,01,3223,15166,0,166102,003304,1214
1359997,819000,43,3333,23361,1,000000,003304,3304
1361635,820000,43,3334,04635,0,000000,003304,3304
1363282,821000,01,3220,31361,0,000000,003304,1214
1364947,822000,01,3222,33224,0,003304,003304,1214
1366583,823000,01,3223,15166,0,166102,003304,1214
1368220,824000,43,3334,04635,0,000000,003304,3304
1369861,825000,02,4642,56002,0,001214,003304,0000
1371499,826000,02,4643,50002,0,000000,003304,1214
1373180,827000,16,3462,00002,0,000000,000000,4707
1374821,828000,02,4641,75012,0,003214,003304,0000
1376460,829000,02,4642,56002,0,001214,003304,0000
1378096,830000,05,3660,26336,0,174001,000226,0336
1379730,831000,02,4640,54004,0,003214,003304,0000
1381369,832000,02,4641,75012,0,003214,003304,0000
1383064,833000,43,3333,23361,1,000000,003304,3304
1384708,834000,43,3333,23361,1,000000,003304,3304
1386355,835000,43,3334,04635,0,000000,003304,3304
1387994,836000,02,4635,56002,0,000000,003304,3335
1389633,837000,02,4643,50002,0,000000,003304,1214
1391297,838000,02,5166,00006,0,166102,003304,1214
1392938,839000,06,3105,33127,0,000017,000000,2014
1394594,840000,33,0001,03304,0,166102,003304,5172
1396230,841000,43,3334,04635,0,000000,003304,3304
1397868,842000,05,3557,13563,0,001255,000000,0336
1399528,843000,43,3333,23361,1,000000,003304,3304
1401167,844000,02,4641,75012,0,003214,003304,0000
1402807,845000,02,5167,01007,1,166102,003304,1214
1404451,846000,02,5166,00006,0,166102,003304,1214
1406088,847000,02,4636,50000,0,003335,003304,0000
1407753,848000,02,4640,54004,0,003214,003304,0000
1409393,849000,02,5170,54006,0,166102,003304,1214
1411031,850000,02,5171,00001,0,166102,003304,1214
1412667,851000,02,4641,75012,0,003214,003304,0000
1414325,852000,02,4644,13214,0,000000,003304,1214
1415987,853000,02,5171,00001,0,166102,003304,1214
1417658,854000,43,3306,03303,0,000000,003304,0002
1419293,855000,05,3702,01034,1,037777,177777,0336
1420926,856000,43,3306,03303,0,000000,003304,0002
1422563,857000,02,4637,33335,0,003335,003304,0000
1424209,858000,43,3334,04635,0,000000,003304,3304
1425882,859000,02,4642,56002,0,001214,003304,0000
1427530,860000,02,4643,50002,0,000000,003304,1214
1429168,861000,02,4644,13214,0,000000,003304,1214
1430807,862000,02,5166,00006,0,166102,003304,1214
1432447,863000,43,3304,11362,0,166102,003304,0002
1434127,864000,02,4640,54004,0,003214,003304,0000
1435827,865000,01,3221,54001,0,003304,003304,1214
1437460,866000,05,3543,50334,0,002304,000000,0336
1439097,867000,01,3223,15166,0,166102,003304,1214
1440735,868000,02,5166,00006,0,166102,003304,1214
1442400,869000,02,5170,54006,0,166102,003304,1214
1444037,870000,02,5171,00001,0,166102,003304,1214
1445682,871000,02,5170,54006,0,166102,003304,1214
1447320,872000,02,5171,00001,0,166102,003304,1214
1448958,873000,02,4640,54004,0,003214,003304,0000
1450623,874000,02,4642,56002,0,001214,003304,0000
1452294,875000,02,4640,54004,0,003214,003304,0000
1453933,876000,02,4641,75012,0,003214,003304,0000
1455596,877000,43,3332,00006,0,000000,003304,3304
1457240,878000,43,3332,00006,0,000000,003304,3304
1458911,879000,05,3534,63536,1,002306,034106,0336
1460547,880000,43,3303,03332,0,000000,003304,3307
1462183,881000,43,3332,00006,0,000000,003304,3304
1463822,882000,43,3333,23361,1,000000,003304,3304
1465465,883000,02,5166,00006,0,166102,003304,1214
1467130,884000,02,5170,54006,0,166102,003304,1214
1468767,885000,02,5171,00001,0,166102,003304,1214
1470404,886000,43,3333,23361,1,000000,003304,3304
1472044,887000,02,4641,75012,0,003214,003304,0000
1473683,888000,01,3221,54001,0,003304,003304,1214
1475340,889000,02,4640,54004,0,003214,003304,0000
1477005,890000,02,4642,56002,0,001214,003304,0000
1478641,891000,05,3662,50001,1,174010,000007,0336
1480276,892000,02,4640,54004,0,003214,003304,0000
1481916,893000,02,5166,00006,0,166102,003304,1214
1483555,894000,02,5167,01007,1,166102,003304,1214
1485213,894975,31,0002,02133,0,001775,164001,2133
1485256,894999,31,0002,02427,0,004000,002355,2427
1485257,895000,41,2427,04331,0,004000,002355,0003
1485271,895008,31,0002,02430,0,000002,002355,2430
1485279,895013,31,0001,02355,0,000000,002355,2437
1485305,895028,31,0002,02427,0,004000,002362,2427
1485320,895037,31,0002,02430,0,000002,002362,2430
1485328,895042,31,0001,02362,0,000000,002362,2434
1485351,895056,31,0002,02446,0,004000,002362,2446
1485357,895060,31,0156,02366,0,000000,002362,2452
1485394,895083,31,0002,03033,0,000000,002367,3033
1485396,895085,31,0114,02500,0,000000,002367,3034
1485402,895090,31,0002,02501,0,000000,002367,2501
1485404,895092,31,0001,02367,0,000000,002367,2502
1486248,895570,31,0115,02422,0,177754,002367,3416
1486975,895979,31,0115,02422,0,177754,002367,3416
1487014,896000,41,3374,40022,0,171747,002367,1406
1487676,896375,31,0115,02422,0,177754,002367,3416
1487683,896380,31,0136,05155,0,000000,002367,2412
1488705,897000,02,4644,13214,0,000000,003304,1214
1490341,898000,43,3306,03303,0,000000,003304,0002
1491980,899000,02,4644,13214,0,000000,003304,1214
1493645,900000,01,3220,31361,0,000000,003304,1214
1495287,901000,06,2024,55016,0,000007,000000,2070
1496948,902000,01,3220,31361,0,000000,003304,1214
1498592,903000,02,5170,54006,0,166102,003304,1214
1500239,904000,05,3767,00335,0,000077,000000,2152
1501905,905000,33,0001,03304,0,166102,003304,5172
1503554,906000,43,3306,03303,0,000000,003304,0002
1505199,907000,02,5167,01007,1,166102,003304,1214
1506846,908000,43,3303,03332,0,000000,003304,3307
1508492,909000,02,5170,54006,0,166102,003304,1214
1510167,910000,02,4644,13214,0,000000,003304,1214
1511810,911000,02,4637,33335,0,003335,003304,0000
1513462,912000,02,4640,54004,0,003214,003304,0000
1515105,913000,43,3333,23361,1,000000,003304,3304
1516772,914000,01,3222,33224,0,003304,003304,1214
1518440,915000,02,4644,13214,0,000000,003304,1214
1520089,916000,43,3333,23361,1,000000,003304,3304
1521734,917000,33,0001,03304,0,166102,003304,5172
1523374,918000,05,3660,26336,0,174001,000024,0003
1525009,919000,43,3333,23361,1,000000,003304,3304
1526701,920000,17,2644,61752,0,000000,000000,4707
1528353,921000,01,3214,10067,0,000000,003304,1214
1529991,922000,01,3220,31361,0,000000,003304,1214
1531630,923000,01,3221,54001,0,003304,003304,1214
1533269,924000,01,3222,33224,0,003304,003304,1214
1534907,925000,01,3223,15166,0,166102,003304,1214
1536590,926000,02,4641,75012,0,003214,003304,0000
1538230,927000,02,5167,01007,1,166102,003304,1214
1539869,928000,02,5170,54006,0,166102,003304,1214
1541504,929000,02,4640,54004,0,003214,003304,0000
1543143,930000,02,4641,75012,0,003214,003304,0000
1544800,931000,43,3332,00006,0,000000,003304,3304
1546438,932000,43,3333,23361,1,000000,003304,3304
1548082,933000,43,3304,11362,0,166102,003304,0002
1549719,934000,02,4635,56002,0,000000,003304,3335
1551357,935000,02,4636,50000,0,003335,003304,0000
1553023,936000,01,3214,10067,0,000000,003304,1214
1554662,937000,01,3220,31361,0,000000,003304,1214
1556301,938000,01,3221,54001,0,003304,003304,1214
1557959,939000,01,3214,10067,0,000000,003304,1214
1559598,940000,01,3220,31361,0,000000,003304,1214
1561263,941000,01,3222,33224,0,003304,003304,1214
1562900,942000,33,0001,03304,0,166102,003304,5172
1564535,943000,05,3506,54016,0,002002,175237,0000
1566171,944000,01,3221,54001,0,003304,003304,1214
1567815,945000,01,3220,31361,0,000000,003304,1214
1569477,946000,16,2176,42203,0,000000,034106,0073
1571115,947000,43,3333,23361,1,000000,003304,3304
1572755,948000,02,4641,75012,0,003214,003304,0000
1574394,949000,01,3221,54001,0,003304,003304,1214
1576032,950000,02,5171,00001,0,166102,003304,1214
1577690,951000,02,5166,00006,0,166102,003304,1214
1579353,952000,43,3303,03332,0,000000,003304,3307
1580994,953000,02,4643,50002,0,000000,003304,1214
1582632,954000,02,4644,13214,0,000000,003304,1214
1584267,955000,02,5271,22012,1,000000,000000,0336
1585903,956000,01,3222,33224,0,003304,003304,1214
1587567,957000,43,3333,23361,1,000000,003304,3304
1589208,958000,01,3221,54001,0,003304,003304,1214
1590847,959000,01,3222,33224,0,003304,003304,1214
1592481,960000,43,3334,04635,0,000000,003304,3304
1594123,961000,01,3222,33224,0,003304,003304,1214
1595782,962000,43,3303,03332,0,000000,003304,3307
1597418,963000,02,4641,75012,0,003214,003304,0000
1599074,964000,02,4641,75012,0,003214,003304,0000
1600713,965000,01,3222,33224,0,003304,003304,1214
1602349,966000,43,3332,00006,0,000000,003304,3304
1604017,967000,01,3220,31361,0,000000,003304,1214
1605653,968000,05,3663,31727,1,000330,000326,3525
1607287,969000,02,4637,33335,0,003335,003304,0000
1608929,970000,02,4636,50000,0,003335,003304,0000
1610569,971000,02,4644,13214,0,000000,003304,1214
1612235,972000,02,5166,00006,0,166102,003304,1214
1613870,973000,02,4642,56002,0,001214,003304,0000
1615568,974000,01,3223,15166,0,166102,003304,1214
1617205,975000,43,3333,23361,1,000000,003304,3304
1618865,976000,02,5166,00006,0,166102,003304,1214
1620507,977000,16,2000,00006,0,007777,166002,2042
1622167,978000,02,5171,00001,0,166102,003304,1214
1623805,979000,33,0001,03304,0,166102,003304,5172
1625439,980000,01,3220,31361,0,000000,003304,1214
1627078,981000,01,3221,54001,0,003304,003304,1214
1628720,982000,02,4643,50002,0,000000,003304,1214
1630384,983000,01,3214,10067,0,000000,003304,1214
1632023,984000,01,3220,31361,0,000000,003304,1214
1633660,985000,01,3221,54001,0,003304,003304,1214
1635299,986000,01,3222,33224,0,003304,003304,1214
1636936,987000,33,0001,03304,0,166102,003304,5172
1638598,988000,02,4635,56002,0,000000,003304,3335
1640258,989000,33,0001,03304,0,166102,003304,5172
1641897,990000,43,3304,11362,0,166102,003304,0002
1643534,991000,02,4635,56002,0,000000,003304,3335
1645168,992000,02,5171,00001,0,166102,003304,1214
1646832,993000,43,3304,11362,0,166102,003304,0002
1648470,994000,43,3306,03303,0,000000,003304,0002
1650113,995000,43,3334,04635,0,000000,003304,3304
1651754,996000,02,4642,56002,0,001214,003304,0000
1653394,997000,01,3222,33224,0,003304,003304,1214
1655057,998000,02,5166,00006,0,166102,003304,1214
1656694,999000,02,5167,01007,1,166102,003304,1214
1658331,1000000,43,3303,03332,0,000000,003304,3307
1659989,1001000,43,3332,00006,0,000000,003304,3304
1661627,1002000,43,3333,23361,1,000000,003304,3304
1663289,1003000,02,4706,03446,0,000000,000000,1446
1664932,1004000,43,3303,03332,0,000000,003304,3307
1666567,1005000,01,3223,15166,0,166102,003304,1214
1668204,1006000,02,5166,00006,0,166102,003304,1214
1669846,1007000,01,3221,54001,0,003304,003304,1214
1671482,1008000,43,3333,23361,1,000000,003304,3304
1673146,1009000,02,4635,56002,0,000000,003304,3335
1674787,1010000,01,3223,15166,0,166102,003304,1214
1676425,1011000,02,5166,00006,0,166102,003304,1214
1678060,1012000,02,4636,50000,0,003335,003304,0000
1679706,1013000,06,3134,55414,0,000000,000000,0003
1681384,1014000,02,4644,13214,0,000000,003304,1214
1683023,1015000,01,3214,10067,0,000000,003304,1214
1684661,1016000,01,3220,31361,0,000000,003304,1214
1686300,1017000,01,3221,54001,0,003304,003304,1214
1687939,1018000,01,3222,33224,0,003304,003304,1214
1689595,1019000,02,4641,75012,0,003214,003304,0000
1691239,1020000,02,4640,54004,0,003214,003304,0000
1692880,1021000,02,5167,01007,1,166102,003304,1214
1694519,1022000,02,5170,54006,0,166102,003304,1214
1696157,1023000,02,5171,00001,0,166102,003304,1214
1697821,1024000,43,3304,11362,0,166102,003304,0002
1699459,1025000,43,3306,03303,0,000000,003304,0002
1701117,1026000,01,3221,54001,0,003304,003304,1214
1702755,1027000,01,3222,33224,0,003304,003304,1214
1704426,1028000,02,5171,00001,0,166102,003304,1214
1706087,1029000,05,3556,10000,0,024314,034106,0336
1707723,1030000,02,5170,54006,0,166102,003304,1214
1709361,1031000,02,5171,00001,0,166102,003304,1214
1711001,1032000,02,4637,33335,0,003335,003304,0000
1712639,1033000,02,4640,54004,0,003214,003304,0000
1714278,1034000,02,4641,75012,0,003214,003304,0000
1715943,1035000,02,4643,50002,0,000000,003304,1214
1717582,1036000,02,5171,00001,0,166102,003304,1214
1719220,1037000,33,0001,03304,0,166102,003304,5172
1720877,1038000,43,3332,00006,0,000000,003304,3304
1722516,1039000,43,3333,23361,1,000000,003304,3304
1724180,1040000,02,4635,56002,0,000000,003304,3335
1725821,1041000,01,3222,33224,0,003304,003304,1214
1727458,1042000,33,0001,03304,0,166102,003304,5172
1729092,1043000,01,3220,31361,0,000000,003304,1214
1730730,1044000,01,3221,54001,0,003304,003304,1214
1732400,1045000,02,5170,54006,0,166102,003304,1214
1734038,1046000,02,5171,00001,0,166102,003304,1214
1735675,1047000,33,0001,03304,0,166102,003304,5172
1737312,1048000,43,3334,04635,0,000000,003304,3304
1738951,1049000,02,4635,56002,0,000000,003304,3335
1740616,1050000,02,4637,33335,0,003335,003304,0000
1742273,1051000,43,3334,04635,0,000000,003304,3304
1743912,1052000,02,4635,56002,0,000000,003304,3335
1745551,1053000,02,4636,50000,0,003335,003304,0000
1747189,1054000,02,4644,13214,0,000000,003304,1214
1748854,1055000,02,5167,01007,1,166102,003304,1214
1750487,1056000,02,4643,50002,0,000000,003304,1214
1752126,1057000,43,3332,00006,0,000000,003304,3304
1753765,1058000,02,4640,54004,0,003214,003304,0000
1755405,1059000,01,3220,31361,0,000000,003304,1214
1757047,1060000,16,2004,00006,0,000000,002002,2042
1758705,1061000,43,3333,23361,1,000000,003304,3304
1760346,1062000,01,3214,10067,0,000000,003304,1214
1762003,1063000,02,4636,50000,0,003335,003304,0000
1763643,1064000,02,5166,00006,0,166102,003304,1214
1765282,1065000,02,5167,01007,1,166102,003304,1214
1766945,1066000,02,4640,54004,0,003214,003304,0000
1768584,1067000,02,4641,75012,0,003214,003304,0000
1770219,1068000,02,5273,56006,0,166002,000000,3307
1771860,1069000,02,4643,50002,0,000000,003304,1214
1773498,1070000,43,3304,11362,0,166102,003304,0002
1775159,1071000,02,4640,54004,0,003214,003304,0000
1776796,1072000,01,3222,33224,0,003304,003304,1214
1778430,1073000,43,3306,03303,0,000000,003304,0002
1780067,1074000,02,4637,33335,0,003335,003304,0000
1781707,1075000,01,3223,15166,0,166102,003304,1214
1783392,1076000,02,5167,01007,1,166102,003304,1214
1785031,1077000,02,5170,54006,0,166102,003304,1214
1786669,1078000,02,5171,00001,0,166102,003304,1214
1788306,1079000,43,3333,23361,1,000000,003304,3304
1789941,1080000,02,5167,01007,1,166102,003304,1214
1791605,1081000,43,3303,03332,0,000000,003304,3307
1793240,1082000,43,3332,00006,0,000000,003304,3304
1794940,1083000,02,4641,75012,0,003214,003304,0000
1796580,1084000,02,5167,01007,1,166102,003304,1214
1798219,1085000,02,5170,54006,0,166102,003304,1214
1799880,1086000,16,2200,03012,1,170377,034106,0073
1801520,1087000,43,3304,11362,0,166102,003304,0002
1803180,1088000,01,3222,33224,0,003304,003304,1214
1804818,1089000,01,3223,15166,0,166102,003304,1214
1806454,1090000,43,3334,04635,0,000000,003304,3304
1808092,1091000,05,3656,54001,0,000356,000000,3525
1809753,1092000,33,0001,03304,0,166102,003304,5172
1811392,1093000,43,3304,11362,0,166102,003304,0002
1813036,1094000,33,0001,03304,0,166102,003304,5172
1814675,1095000,43,3304,11362,0,166102,003304,0002
1816310,1096000,02,4635,56002,0,000000,003304,3335
1817976,1097000,02,4644,13214,0,000000,003304,1214
1819615,1098000,01,3214,10067,0,000000,003304,1214
1821254,1099000,01,3220,31361,0,000000,003304,1214
1822892,1100000,02,5170,54006,0,166102,003304,1214
1824549,1101000,02,4644,13214,0,000000,003304,1214
1826214,1102000,01,3220,31361,0,000000,003304,1214
1827853,1103000,02,5170,54006,0,166102,003304,1214
1829487,1104000,02,5273,56006,0,166002,030373,0000
1831123,1105000,02,5166,00006,0,166102,003304,1214
1832761,1106000,43,3306,03303,0,000000,003304,0002
1834429,1107000,02,4643,50002,0,000000,003304,1214
1836067,1108000,02,4644,13214,0,000000,003304,1214
1837706,1109000,02,5166,00006,0,166102,003304,1214
1839341,1110000,43,3334,04635,0,000000,003304,3304
1840980,1111000,02,4635,56002,0,000000,003304,3335
1842648,1112000,01,3223,15166,0,166102,003304,1214
1844307,1113000,02,5167,01007,1,166102,003304,1214
1845945,1114000,02,5170,54006,0,166102,003304,1214
1847582,1115000,02,4640,54004,0,003214,003304,0000
1849222,1116000,02,5170,54006,0,166102,003304,1214
1850855,1117000,05,3763,34745,0,166002,000000,0336
1852518,1118000,01,3220,31361,0,000000,003304,1214
1854161,1119000,43,3306,03303,0,000000,003304,0002
1855799,1120000,43,3303,03332,0,000000,003304,3307
1857439,1121000,01,3214,10067,0,000000,003304,1214
1859078,1122000,01,3220,31361,0,000000,003304,1214
1860740,1123000,43,3333,23361,1,000000,003304,3304
1862376,1124000,43,3334,04635,0,000000,003304,3304
1864025,1125000,06,3140,30032,0,037777,000000,0003
1865676,1126000,02,5170,54006,0,166102,003304,1214
1867314,1127000,02,5171,00001,0,166102,003304,1214
1868977,1128000,43,3304,11362,0,166102,003304,0002
1870617,1129000,02,4642,56002,0,001214,003304,0000
1872256,1130000,02,4643,50002,0,000000,003304,1214
1873893,1131000,02,5273,56006,0,002002,005274,1214
1875529,1132000,01,3214,10067,0,000000,003304,1214
1877194,1133000,01,3221,54001,0,003304,003304,1214
1878833,1134000,01,3222,33224,0,003304,003304,1214
1880471,1135000,01,3223,15166,0,166102,003304,1214
1882108,1136000,02,5166,00006,0,166102,003304,1214
1883780,1137000,43,3304,11362,0,166102,003304,0002
1885464,1138000,33,0001,03304,0,166102,003304,5172
1887101,1139000,43,3304,11362,0,166102,003304,0002
1888739,1140000,43,3306,03303,0,000000,003304,0002
1890377,1141000,43,3303,03332,0,000000,003304,3307
1892014,1142000,43,3332,00006,0,000000,003304,3304
1893666,1143000,17,2647,00006,0,000000,000000,4707
1895322,1144000,05,3563,30336,0,032127,000000,0336
1896955,1145000,43,3334,04635,0,000000,003304,3304
1898594,1146000,02,4635,56002,0,000000,003304,3335
1900235,1147000,01,3223,15166,0,166102,003304,1214
1901873,1148000,02,5166,00006,0,166102,003304,1214
1903538,1149000,02,5170,54006,0,166102,003304,1214
1905196,1150000,33,0001,03304,0,166102,003304,5172
1906833,1151000,43,3334,04635,0,000000,003304,3304
1908470,1152000,02,4635,56002,0,000000,003304,3335
1910111,1153000,02,4643,50002,0,000000,003304,1214
1911775,1154000,01,3214,10067,0,000000,003304,1214
1913414,1155000,01,3220,31361,0,000000,003304,1214
1915052,1156000,02,5170,54006,0,166102,003304,1214
1916691,1157000,02,4636,50000,0,003335,003304,0000
1918325,1158000,33,0001,03304,0,166102,003304,5172
1919988,1159000,43,3306,03303,0,000000,003304,0002
1921626,1160000,02,4636,50000,0,003335,003304,0000
1923265,1161000,02,4637,33335,0,003335,003304,0000
1924904,1162000,02,4640,54004,0,003214,003304,0000
1926562,1163000,02,4636,50000,0,003335,003304,0000
1928228,1164000,01,3214,10067,0,000000,003304,1214
1929867,1165000,02,5167,01007,1,166102,003304,1214
1931502,1166000,43,3303,03332,0,000000,003304,3307
1933141,1167000,02,4637,33335,0,003335,003304,0000
1934781,1168000,01,3214,10067,0,000000,003304,1214
1936449,1169000,05,3510,22012,1,166002,034106,5172
1938083,1170000,02,4642,56002,0,001214,003304,0000
1939723,1171000,02,5170,54006,0,166102,003304,1214
1941361,1172000,02,5171,00001,0,166102,003304,1214
1942998,1173000,02,4641,75012,0,003214,003304,0000
1944637,1174000,02,4642,56002,0,001214,003304,0000
1946321,1175000,01,3214,10067,0,000000,003304,1214
1947960,1176000,01,3220,31361,0,000000,003304,1214
1949596,1177000,43,3332,00006,0,000000,003304,3304
1951237,1178000,01,3220,31361,0,000000,003304,1214
1952872,1179000,33,0001,03304,0,166102,003304,5172
1954531,1180000,02,4637,33335,0,003335,003304,0000
1956173,1181000,06,2132,32041,0,000000,177777,2014
1957805,1182000,01,3222,33224,0,003304,003304,1214
1959440,1183000,43,3304,11362,0,166102,003304,0002
1961079,1184000,02,4641,75012,0,003214,003304,0000
1962745,1185000,02,5171,00001,0,166102,003304,1214
1964383,1186000,33,0001,03304,0,166102,003304,5172
1966021,1187000,43,3304,11362,0,166102,003304,0002
1967680,1188000,02,5171,00001,0,166102,003304,1214
1969318,1189000,43,3332,00006,0,000000,003304,3304
1970981,1190000,02,5167,01007,1,166102,003304,1214
1972677,1191000,43,3332,00006,0,000000,003304,3304
1974312,1192000,05,3611,50336,0,176354,000000,0336
1975949,1193000,43,3334,04635,0,000000,003304,3304
1977592,1194000,43,3333,23361,1,000000,003304,3304
1979256,1195000,02,4635,56002,0,000000,003304,3335
1980895,1196000,02,4636,50000,0,003335,003304,0000
1982534,1197000,02,4637,33335,0,003335,003304,0000
1984172,1198000,02,4640,54004,0,003214,003304,0000
1985813,1199000,02,5167,01007,1,166102,003304,1214
1987478,1200000,17,2627,00006,0,000000,002002,4707
1989135,1201000,01,3214,10067,0,000000,003304,1214
1990773,1202000,01,3220,31361,0,000000,003304,1214
1992412,1203000,01,3221,54001,0,003304,003304,1214
1994050,1204000,02,5171,00001,0,166102,003304,1214
1995687,1205000,43,3333,23361,1,000000,003304,3304
1997354,1206000,05,3704,00006,0,000000,000000,3525
1998987,1207000,02,4636,50000,0,003335,003304,0000
2000624,1208000,02,4637,33335,0,003335,003304,0000
2002264,1209000,01,3214,10067,0,000000,003304,1214
2003903,1210000,01,3220,31361,0,000000,003304,1214
2005568,1211000,01,3222,33224,0,003304,003304,1214
2007204,1212000,33,0001,03304,0,166102,003304,5172
2008864,1213000,02,5170,54006,0,166102,003304,1214
2010500,1214000,43,3332,00006,0,000000,003304,3304
2012138,1215000,43,3333,23361,1,000000,003304,3304
2013802,1216000,02,4635,56002,0,000000,003304,3335
2015443,1217000,02,4643,50002,0,000000,003304,1214
2017082,1218000,02,5171,00001,0,166102,003304,1214
2018723,1219000,05,3706,15270,0,000000,000000,3525
2020359,1220000,02,4644,13214,0,000000,003304,1214
2022024,1221000,43,3306,03303,0,000000,003304,0002
2023662,1222000,02,4642,56002,0,001214,003304,0000
2025301,1223000,02,4643,50002,0,000000,003304,1214
2026939,1224000,43,3304,11362,0,166102,003304,0002
2028596,1225000,43,3303,03332,0,000000,003304,3307
2030254,1226000,16,0072,02163,0,000000,000000,4713
2031900,1227000,01,3221,54001,0,003304,003304,1214
2033539,1228000,01,3222,33224,0,003304,003304,1214
2035173,1229000,43,3334,04635,0,000000,003304,3304
2036812,1230000,02,4635,56002,0,000000,003304,3335
2038453,1231000,43,3332,00006,0,000000,003304,3304
2040117,1232000,43,3334,04635,0,000000,003304,3304
2041753,1233000,02,5170,54006,0,166102,003304,1214
2043391,1234000,02,5171,00001,0,166102,003304,1214
2045029,1235000,33,0001,03304,0,166102,003304,5172
2046666,1236000,43,3304,11362,0,166102,003304,0002
2048334,1237000,02,5062,00006,0,031103,000000,3134
2049988,1238000,43,3334,04635,0,000000,003304,3304
2051626,1239000,02,4635,56002,0,000000,003304,3335
2053265,1240000,02,4636,50000,0,003335,003304,0000
2054904,1241000,02,4637,33335,0,003335,003304,0000
2056569,1242000,02,4641,75012,0,003214,003304,0000
2058207,1243000,02,4642,56002,0,001214,003304,0000
2059850,1244000,02,4641,75012,0,003214,003304,0000
2061523,1245000,01,3220,31361,0,000000,003304,1214
2063154,1246000,02,4636,50000,0,003335,003304,0000
2064820,1247000,01,3214,10067,0,000000,003304,1214
2066459,1248000,01,3220,31361,0,000000,003304,1214
2068098,1249000,01,3221,54001,0,003304,003304,1214
2069752,1250000,02,4637,33335,0,003335,003304,0000
2071391,1251000,02,4640,54004,0,003214,003304,0000
2073056,1252000,02,4642,56002,0,001214,003304,0000
2074696,1253000,02,5170,54006,0,166102,003304,1214
2076333,1254000,02,5171,00001,0,166102,003304,1214
2077971,1255000,02,4641,75012,0,003214,003304,0000
2079613,1256000,02,5167,01007,1,166102,003304,1214
2081251,1257000,02,5170,54006,0,166102,003304,1214
2082915,1258000,02,4640,54004,0,003214,003304,0000
2084551,1259000,05,3566,63653,1,157114,021316,0336
2086186,1260000,02,4636,50000,0,003335,003304,0000
2087825,1261000,02,4637,33335,0,003335,003304,0000
2089483,1262000,02,4635,56002,0,000000,003304,3335
2091148,1263000,02,4637,33335,0,003335,003304,0000
2092785,1264000,02,4640,54004,0,003214,003304,0000
2094425,1265000,01,3220,31361,0,000000,003304,1214
2096064,1266000,01,3221,54001,0,003304,003304,1214
2097702,1267000,01,3222,33224,0,003304,003304,1214
2099365,1268000,43,3304,11362,0,166102,003304,0002
2101009,1269000,33,0001,03304,0,166102,003304,5172
2102648,1270000,43,3304,11362,0,166102,003304,0002
2104284,1271000,02,5270,00006,0,000000,000000,0336
2105919,1272000,02,5171,00001,0,166102,003304,1214
2107581,1273000,43,3334,04635,0,000000,003304,3304
2109222,1274000,02,4642,56002,0,001214,003304,0000
2110879,1275000,02,4636,50000,0,003335,003304,0000
2112519,1276000,02,4644,13214,0,000000,003304,1214
2114158,1277000,02,5166,00006,0,166102,003304,1214
2115819,1278000,43,3303,03332,0,000000,003304,3307
2117460,1279000,02,4643,50002,0,000000,003304,1214
2119098,1280000,02,4644,13214,0,000000,003304,1214
2120738,1281000,02,4641,75012,0,003214,003304,0000
2122377,1282000,02,4642,56002,0,001214,003304,0000
2124024,1283000,02,4703,56002,0,000626,034000,2161
2125677,1284000,05,3507,00006,0,002002,034106,0000
2127313,1285000,01,3222,33224,0,003304,003304,1214
2128948,1286000,43,3334,04635,0,000000,003304,3304
2130608,1287000,02,4640,54004,0,003214,003304,0000
2132246,1288000,01,3222,33224,0,003304,003304,1214
2133905,1289000,43,3303,03332,0,000000,003304,3307
2135542,1290000,02,4641,75012,0,003214,003304,0000
2137181,1291000,01,3222,33224,0,003304,003304,1214
2138815,1292000,43,3332,00006,0,000000,003304,3304
2140463,1293000,02,4643,50002,0,000000,003304,1214
2142127,1294000,01,3214,10067,0,000000,003304,1214
2143765,1295000,01,3220,31361,0,000000,003304,1214
2145404,1296000,02,5170,54006,0,166102,003304,1214
2147036,1297000,02,4644,13214,0,000000,003304,1214
2148676,1298000,01,3223,15166,0,166102,003304,1214
2150336,1299000,02,4642,56002,0,001214,003304,0000
2152053,1300000,02,4640,54004,0,003214,003304,0000
2153693,1301000,02,5166,00006,0,166102,003304,1214
2155332,1302000,02,5167,01007,1,166102,003304,1214
2156971,1303000,02,5170,54006,0,166102,003304,1214
2158634,1304000,33,0001,03304,0,166102,003304,5172
2160273,1305000,43,3304,11362,0,166102,003304,0002
2161912,1306000,02,5276,50017,0,001214,003304,0000
2163544,1307000,43,3303,03332,0,000000,003304,3307
2165185,1308000,02,4644,13214,0,000000,003304,1214
2166850,1309000,01,3220,31361,0,000000,003304,1214
2168488,1310000,01,3221,54001,0,003304,003304,1214
2170127,1311000,01,3222,33224,0,003304,003304,1214
2171784,1312000,02,4641,75012,0,003214,003304,0000
2173423,1313000,01,3221,54001,0,003304,003304,1214
2175061,1314000,02,5171,00001,0,166102,003304,1214
2176725,1315000,43,3304,11362,0,166102,003304,0002
2178363,1316000,43,3306,03303,0,000000,003304,0002
2180001,1317000,02,4636,50000,0,003335,003304,0000
2181645,1318000,02,4635,56002,0,000000,003304,3335
2183284,1319000,02,4636,50000,0,003335,003304,0000
2184942,1320000,43,3304,11362,0,166102,003304,0002
2186579,1321000,02,4635,56002,0,000000,003304,3335
2188220,1322000,02,4643,50002,0,000000,003304,1214
2189858,1323000,01,3223,15166,0,166102,003304,1214
2191496,1324000,02,5166,00006,0,166102,003304,1214
2193180,1325000,02,4642,56002,0,001214,003304,0000
2194820,1326000,01,3222,33224,0,003304,003304,1214
2196455,1327000,43,3332,00006,0,000000,003304,3304
2198094,1328000,43,3333,23361,1,000000,003304,3304
2199736,1329000,01,3220,31361,0,000000,003304,1214
2201399,1330000,43,3303,03332,0,000000,003304,3307
2203042,1331000,02,4643,50002,0,000000,003304,1214
2204679,1332000,05,3703,30001,0,000000,000000,0336
2206314,1333000,01,3221,54001,0,003304,003304,1214
2207948,1334000,43,3333,23361,1,000000,003304,3304
2209612,1335000,02,4635,56002,0,000000,003304,3335
2211253,1336000,01,3223,15166,0,166102,003304,1214
2212911,1337000,02,4642,56002,0,001214,003304,0000
2214548,1338000,33,0001,03304,0,166102,003304,5172
2216187,1339000,43,3304,11362,0,166102,003304,0002
2217829,1340000,16,2025,00006,0,004014,166002,0000
2219489,1341000,01,3214,10067,0,000000,003304,1214
2221128,1342000,01,3220,31361,0,000000,003304,1214
2222772,1343000,01,3214,10067,0,000000,003304,1214
2224411,1344000,01,3220,31361,0,000000,003304,1214
2226050,1345000,01,3221,54001,0,003304,003304,1214
2227711,1346000,05,3674,37747,0,025022,034106,0336
2229348,1347000,02,5167,01007,1,166102,003304,1214
2230985,1348000,02,5170,54006,0,166102,003304,1214
2232630,1349000,06,3136,05032,0,000000,000000,0003
2234281,1350000,01,3214,10067,0,000000,003304,1214
2235945,1351000,01,3221,54001,0,003304,003304,1214
2237584,1352000,01,3222,33224,0,003304,003304,1214
2239221,1353000,01,3223,15166,0,166102,003304,1214
2240892,1354000,33,0001,03304,0,166102,003304,5172
2242528,1355000,43,3334,04635,0,000000,003304,3304
2244198,1356000,01,3221,54001,0,003304,003304,1214
2245837,1357000,01,3222,33224,0,003304,003304,1214
2247475,1358000,01,3223,15166,0,166102,003304,1214
2249107,1359000,02,4641,75012,0,003214,003304,0000
2250746,1360000,02,4642,56002,0,001214,003304,0000
2252410,1361000,02,4644,13214,0,000000,003304,1214
2254068,1362000,01,3220,31361,0,000000,003304,1214
2255707,1363000,01,3221,54001,0,003304,003304,1214
2257343,1364000,43,3333,23361,1,000000,003304,3304
2258980,1365000,43,3334,04635,0,000000,003304,3304
2260644,1366000,16,3461,57464,0,000000,000000,4707
2262287,1367000,01,3223,15166,0,166102,003304,1214
2263931,1368000,02,5171,00001,0,166102,003304,1214
2265568,1369000,33,0001,03304,0,166102,003304,5172
2267205,1370000,43,3334,04635,0,000000,003304,3304
2268844,1371000,02,4635,56002,0,000000,003304,3335
2270508,1372000,02,5270,00006,0,156343,156343,3525
2272143,1373000,43,3304,11362,0,166102,003304,0002
2273802,1374000,02,5167,01007,1,166102,003304,1214
2275441,1375000,02,5170,54006,0,166102,003304,1214
2277077,1376000,02,5171,00001,0,166102,003304,1214
2278739,1377000,43,3334,04635,0,000000,003304,3304
2280378,1378000,02,4635,56002,0,000000,003304,3335
2282016,1379000,02,4636,50000,0,003335,003304,0000
2283656,1380000,02,4644,13214,0,000000,003304,1214
2285296,1381000,43,3333,23361,1,000000,003304,3304
2286962,1382000,02,4642,56002,0,001214,003304,0000
2288601,1383000,01,3222,33224,0,003304,003304,1214
2290238,1384000,33,0001,03304,0,166102,003304,5172
2291873,1385000,05,3564,63560,0,001302,000000,0336
2293511,1386000,02,5170,54006,0,166102,003304,1214
2295195,1387000,02,5167,01007,1,166102,003304,1214
2296832,1388000,02,4635,56002,0,000000,003304,3335
2298471,1389000,02,4636,50000,0,003335,003304,0000
2300109,1390000,02,5166,00006,0,166102,003304,1214
2301748,1391000,02,5167,01007,1,166102,003304,1214
2303411,1392000,02,4640,54004,0,003214,003304,0000
2305054,1393000,02,4637,33335,0,003335,003304,0000
2306694,1394000,02,5167,01007,1,166102,003304,1214
2308331,1395000,02,4637,33335,0,003335,003304,0000
2309968,1396000,01,3221,54001,0,003304,003304,1214
2311603,1397000,43,3304,11362,0,166102,003304,0002
2313265,1398000,05,3564,63560,0,034030,034106,0336
2314918,1399000,01,3221,54001,0,003304,003304,1214
2316554,1400000,33,0001,03304,0,166102,003304,5172
2318193,1401000,02,4640,54004,0,003214,003304,0000
2319834,1402000,02,5167,01007,1,166102,003304,1214
2321498,1403000,02,5171,00001,0,166102,003304,1214
2323134,1404000,33,0001,03304,0,166102,003304,5172
2324774,1405000,06,2402,00006,0,016000,016000,2014
2326416,1406000,02,5166,00006,0,166102,003304,1214
2328050,1407000,02,4642,56002,0,001214,003304,0000
2329774,1408000,02,5166,00006,0,166102,003304,1214
2331407,1409000,02,4642,56002,0,001214,003304,0000
2333047,1410000,02,5170,54006,0,166102,003304,1214
2334684,1411000,02,5171,00001,0,166102,003304,1214
2336343,1412000,01,3220,31361,0,000000,003304,1214
2338008,1413000,01,3222,33224,0,003304,003304,1214
2339646,1414000,01,3223,15166,0,166102,003304,1214
2341284,1415000,02,5166,00006,0,166102,003304,1214
2342922,1416000,02,4635,56002,0,000000,003304,3335
2344561,1417000,02,4636,50000,0,003335,003304,0000
2346229,1418000,02,4636,50000,0,003335,003304,0000
2347868,1419000,02,4637,33335,0,003335,003304,0000
2349507,1420000,02,4640,54004,0,003214,003304,0000
2351142,1421000,05,3566,63653,1,151343,000000,0336
2352777,1422000,02,4636,50000,0,003335,003304,0000
2354431,1423000,17,2643,61300,0,000000,000000,4707
2356099,1424000,43,3334,04635,0,000000,003304,3304
2357737,1425000,02,4635,56002,0,000000,003304,3335
2359378,1426000,02,4643,50002,0,000000,003304,1214
2361016,1427000,02,4644,13214,0,000000,003304,1214
2362655,1428000,01,3214,10067,0,000000,003304,1214
2364320,1429000,02,5170,54006,0,166102,003304,1214
2365961,1430000,02,4643,50002,0,000000,003304,1214
2367600,1431000,01,3223,15166,0,166102,003304,1214
2369236,1432000,02,5166,00006,0,166102,003304,1214
2370875,1433000,02,5167,01007,1,166102,003304,1214
2372537,1434000,43,3332,00006,0,000000,003304,3304
2374171,1435000,02,5166,00006,0,166102,003304,1214
2375808,1436000,43,3334,04635,0,000000,003304,3304
2377469,1437000,02,5171,00001,0,166102,003304,1214
2379108,1438000,02,4640,54004,0,003214,003304,0000
2380773,1439000,02,5167,01007,1,166102,003304,1214
2382412,1440000,02,5170,54006,0,166102,003304,1214
2384049,1441000,02,4640,54004,0,003214,003304,0000
2385689,1442000,02,5170,54006,0,166102,003304,1214
2387333,1443000,02,5167,01007,1,166102,003304,1214
2388996,1444000,02,4640,54004,0,003214,003304,0000
2390635,1445000,02,4641,75012,0,003214,003304,0000
2392269,1446000,05,0335,03523,0,000077,000000,3770
2393905,1447000,01,3214,10067,0,000000,003304,1214
2395544,1448000,01,3220,31361,0,000000,003304,1214
2397224,1449000,02,5271,22012,1,037766,034106,0073
2398865,1450000,02,5167,01007,1,166102,003304,1214
2400504,1451000,02,5170,54006,0,166102,003304,1214
2402142,1452000,02,5171,00001,0,166102,003304,1214
2403779,1453000,33,0001,03304,0,166102,003304,5172
2405418,1454000,43,3304,11362,0,166102,003304,0002
2407087,1455000,02,5170,54006,0,166102,003304,1214
2408725,1456000,02,5171,00001,0,166102,003304,1214
2410363,1457000,33,0001,03304,0,166102,003304,5172
2412002,1458000,43,3304,11362,0,166102,003304,0002
2413638,1459000,43,3306,03303,0,000000,003304,0002
2415301,1460000,43,3332,00006,0,000000,003304,3304
2416940,1461000,06,3106,70110,0,032002,000400,2014
2418594,1462000,02,4643,50002,0,000000,003304,1214
2420266,1463000,01,3222,33224,0,003304,003304,1214
2421903,1464000,33,0001,03304,0,166102,003304,5172
2423567,1465000,43,3306,03303,0,000000,003304,0002
2425205,1466000,43,3303,03332,0,000000,003304,3307
2426842,1467000,43,3332,00006,0,000000,003304,3304
2428487,1468000,43,3303,03332,0,000000,003304,3307
2430125,1469000,43,3332,00006,0,000000,003304,3304
2431792,1470000,01,3214,10067,0,000000,003304,1214
2433423,1471000,02,4635,56002,0,000000,003304,3335
2435062,1472000,02,4636,50000,0,003335,003304,0000
2436702,1473000,02,5166,00006,0,166102,003304,1214
2438358,1474000,02,4641,75012,0,003214,003304,0000
2440023,1475000,02,4643,50002,0,000000,003304,1214
2441662,1476000,33,0001,03304,0,166102,003304,5172
2443298,1477000,43,3334,04635,0,000000,003304,3304
2444937,1478000,02,4635,56002,0,000000,003304,3335
2446578,1479000,02,4643,50002,0,000000,003304,1214
2448222,1480000,02,4011,00006,0,012005,141675,1214
2449882,1481000,43,3304,11362,0,166102,003304,0002
2451519,1482000,02,4635,56002,0,000000,003304,3335
2453158,1483000,02,4636,50000,0,003335,003304,0000
2454794,1484000,05,3655,74357,0,003632,177777,3525
2456431,1485000,43,3304,11362,0,166102,003304,0002
2458115,1486000,33,0001,03304,0,166102,003304,5172
2459754,1487000,43,3304,11362,0,166102,003304,0002
2461390,1488000,43,3306,03303,0,000000,003304,0002
2463028,1489000,02,4636,50000,0,003335,003304,0000
2464668,1490000,02,4644,13214,0,000000,003304,1214
2466332,1491000,02,5167,01007,1,166102,003304,1214
2467969,1492000,43,3303,03332,0,000000,003304,3307
2469613,1493000,02,4635,56002,0,000000,003304,3335
2471253,1494000,02,4643,50002,0,000000,003304,1214
2472892,1495000,01,3223,15166,0,166102,003304,1214
2474552,1496000,05,3700,13564,0,007021,034106,0336
2476190,1497000,02,5170,54006,0,166102,003304,1214
2477828,1498000,02,5171,00001,0,166102,003304,1214
2479485,1499000,43,3306,03303,0,000000,003304,0002
2481123,1500000,43,3303,03332,0,000000,003304,3307
2482789,1501000,01,3220,31361,0,000000,003304,1214
2484426,1502000,01,3221,54001,0,003304,003304,1214
2486062,1503000,43,3333,23361,1,000000,003304,3304
2487703,1504000,01,3221,54001,0,003304,003304,1214
2489339,1505000,02,4640,54004,0,003214,003304,0000
2490990,1506000,17,0002,04707,0,000000,000000,4707
2492636,1507000,43,3303,03332,0,000000,003304,3307
2494273,1508000,02,4640,54004,0,003214,003304,0000
2495910,1509000,05,3555,63525,0,032170,177777,0336
2497546,1510000,02,4642,56002,0,001214,003304,0000
2499206,1511000,01,3214,10067,0,000000,003304,1214
2500871,1512000,01,3221,54001,0,003304,003304,1214
2502510,1513000,01,3222,33224,0,003304,003304,1214
2504147,1514000,33,0001,03304,0,166102,003304,5172
2505784,1515000,43,3333,23361,1,000000,003304,3304
2507421,1516000,02,5167,01007,1,166102,003304,1214
2509149,1517000,43,3303,03332,0,000000,003304,3307
2510790,1518000,02,4643,50002,0,000000,003304,1214
2512420,1519000,43,3333,23361,1,000000,003304,3304
2514058,1520000,43,3334,04635,0,000000,003304,3304
2515697,1521000,02,4635,56002,0,000000,003304,3335
2517362,1522000,02,4637,33335,0,003335,003304,0000
2519000,1523000,02,4640,54004,0,003214,003304,0000
2520659,1524000,43,3304,11362,0,166102,003304,0002
2522299,1525000,02,4642,56002,0,001214,003304,0000
2523938,1526000,02,4643,50002,0,000000,003304,1214
2525602,1527000,01,3214,10067,0,000000,003304,1214
2527241,1528000,01,3220,31361,0,000000,003304,1214
2528880,1529000,01,3221,54001,0,003304,003304,1214
2530517,1530000,02,4636,50000,0,003335,003304,0000
2532157,1531000,02,4644,13214,0,000000,003304,1214
2533820,1532000,05,3704,00006,0,000000,000000,3525
2535452,1533000,02,4636,50000,0,003335,003304,0000
2537091,1534000,02,4637,33335,0,003335,003304,0000
2538731,1535000,01,3214,10067,0,000000,003304,1214
2540388,1536000,02,4636,50000,0,003335,003304,0000
2542026,1537000,02,4637,33335,0,003335,003304,0000
2543692,1538000,01,3220,31361,0,000000,003304,1214
2545331,1539000,02,5170,54006,0,166102,003304,1214
2546967,1540000,43,3332,00006,0,000000,003304,3304
2548606,1541000,43,3333,23361,1,000000,003304,3304
2550250,1542000,43,3332,00006,0,000000,003304,3304
2551916,1543000,02,4641,75012,0,003214,003304,0000
2553554,1544000,02,5167,01007,1,166102,003304,1214
2555190,1545000,02,5272,30016,0,000000,000000,3307
2556825,1546000,02,4644,13214,0,000000,003304,1214
2558464,1547000,43,3304,11362,0,166102,003304,0002
